Price,Area,Rooms,Bedrooms
1250.0,45.0,2.0,1.0
3850.0,130.0,4.0,3.0
1035.0,21.0,1.0,1.0
1275.0,26.0,1.0,1.0
1250.0,40.0,2.0,1.0
700.0,15.0,1.0,1.0
650.0,15.0,1.0,1.0
790.0,21.0,1.0,1.0
4100.0,124.0,5.0,4.0
3490.0,117.0,5.0,3.0
1800.0,58.0,2.0,1.0
1630.0,56.0,2.0,1.0
2520.0,81.0,4.0,2.0
1850.0,57.0,3.0,2.0
3590.0,111.0,5.0,3.0
3920.0,102.0,4.0,2.0
1300.0,38.0,2.0,1.0
1900.0,60.0,3.0,1.0
590.0,12.0,1.0,1.0
1369.0,43.0,2.0,1.0
1400.0,38.0,2.0,1.0
1590.0,38.0,2.0,1.0
3850.0,92.0,5.0,3.0
1830.0,65.0,3.0,2.0
1100.0,26.0,1.0,1.0
760.0,16.0,1.0,1.0
1600.0,35.0,2.0,1.0
3200.0,72.0,3.0,2.0
2990.0,62.0,3.0,1.0
3340.0,108.0,5.0,3.0
9000.0,206.0,7.0,4.0
2000.0,70.0,3.0,1.0
1690.0,41.0,2.0,1.0
2800.0,85.0,3.0,1.0
2300.0,69.0,3.0,2.0
1050.0,34.0,2.0,1.0
2880.0,70.0,2.0,1.0
2250.0,79.0,3.0,2.0
1100.0,40.0,2.0,1.0
1195.0,24.0,1.0,1.0
1450.0,42.0,2.0,1.0
2800.0,82.0,4.0,3.0
1942.0,65.0,3.0,2.0
1180.0,30.0,2.0,1.0
1076.0,23.0,1.0,1.0
4500.0,130.0,5.0,3.0
1700.0,48.0,3.0,2.0
1400.0,38.0,2.0,1.0
1612.0,79.0,2.0,1.0
2011.0,73.0,3.0,2.0
730.0,16.0,1.0,1.0
2300.0,42.0,3.0,2.0
590.0,12.0,1.0,1.0
2420.0,56.0,2.0,1.0
750.0,15.0,1.0,1.0
1400.0,24.0,1.0,1.0
3300.0,109.0,3.0,2.0
2350.0,64.0,3.0,2.0
2378.0,80.0,3.0,2.0
2100.0,51.0,2.0,1.0
930.0,21.0,1.0,1.0
1500.0,26.0,1.0,1.0
1050.0,18.0,1.0,1.0
3700.0,116.0,4.0,3.0
2780.0,96.0,4.0,3.0
910.0,24.0,2.0,1.0
590.0,12.0,1.0,1.0
850.0,18.0,1.0,1.0
1700.0,36.0,2.0,1.0
1000.0,33.0,2.0,1.0
1120.0,36.0,2.0,1.0
2900.0,94.0,3.0,2.0
4300.0,155.0,5.0,3.0
597.0,11.0,1.0,1.0
1090.0,25.0,1.0,1.0
5450.0,153.0,5.0,3.0
1450.0,62.0,3.0,1.0
1855.0,56.0,2.0,1.0
1280.0,40.0,2.0,1.0
985.0,24.0,1.0,1.0
880.0,21.0,1.0,1.0
1050.0,20.0,1.0,1.0
977.0,32.0,2.0,1.0
3000.0,100.0,3.0,2.0
540.0,10.0,1.0,1.0
1650.0,53.0,3.0,1.0
924.0,18.0,1.0,1.0
2500.0,85.0,2.0,1.0
1540.0,41.0,2.0,1.0
1900.0,46.0,2.0,1.0
1010.0,26.0,1.0,1.0
2619.0,83.0,3.0,2.0
870.0,23.0,1.0,1.0
3500.0,93.0,4.0,3.0
1225.0,31.0,2.0,1.0
670.0,16.0,1.0,1.0
2400.0,65.0,3.0,1.0
590.0,12.0,1.0,1.0
1540.0,45.0,2.0,1.0
1500.0,43.0,2.0,1.0
1900.0,43.0,2.0,1.0
1239.0,39.0,2.0,1.0
1940.0,36.0,2.0,1.0
2574.0,37.0,2.0,1.0
2539.0,40.0,2.0,1.0
2267.0,40.0,3.0,1.0
2292.0,30.0,2.0,1.0
2292.0,35.0,2.0,1.0
1500.0,25.0,2.0,1.0
1960.0,42.0,3.0,1.0
1850.0,35.0,2.0,1.0
1950.0,20.0,2.0,1.0
2469.0,32.0,2.0,1.0
1800.0,55.0,2.0,1.0
2469.0,45.0,2.0,1.0
1970.0,46.0,2.0,1.0
1400.0,23.0,2.0,1.0
2469.0,35.0,2.0,1.0
2395.0,45.0,3.0,1.0
1680.0,40.0,2.0,1.0
2363.0,33.0,2.0,1.0
1373.0,18.0,1.0,1.0
1700.0,30.0,2.0,1.0
1834.0,20.0,2.0,1.0
2187.0,31.0,2.0,1.0
2416.0,51.0,2.0,1.0
2151.0,31.0,2.0,1.0
2504.0,31.0,2.0,1.0
1763.0,31.0,2.0,1.0
2081.0,26.0,2.0,1.0
2222.0,35.0,2.0,1.0
2574.0,42.0,2.0,1.0
1693.0,22.0,2.0,1.0
1834.0,23.0,2.0,1.0
2539.0,46.0,2.0,1.0
2442.0,35.0,2.0,1.0
2222.0,32.0,2.0,1.0
2116.0,22.0,2.0,1.0
2363.0,35.0,2.0,1.0
1869.0,20.0,1.0,1.0
2187.0,37.0,2.0,1.0
2433.0,30.0,2.0,1.0
2187.0,35.0,2.0,1.0
1869.0,23.0,2.0,1.0
1834.0,20.0,2.0,1.0
1799.0,18.0,2.0,1.0
1940.0,31.0,2.0,1.0
2292.0,25.0,2.0,1.0
2433.0,28.0,2.0,1.0
2187.0,30.0,2.0,1.0
1552.0,15.0,2.0,1.0
1940.0,21.0,2.0,1.0
2187.0,26.0,2.0,1.0
2292.0,30.0,2.0,1.0
2539.0,30.0,2.0,1.0
1516.0,17.0,2.0,1.0
590.0,12.0,1.0,1.0
3490.0,117.0,4.0,3.0
1350.0,32.0,2.0,1.0
969.0,28.0,1.0,1.0
1125.0,34.0,2.0,1.0
12000.0,224.0,6.0,3.0
1650.0,36.0,2.0,1.0
1880.0,66.0,3.0,2.0
566.0,16.0,1.0,1.0
1890.0,59.0,3.0,2.0
2000.0,40.0,2.0,1.0
780.0,23.0,1.0,1.0
780.0,20.0,1.0,1.0
1240.0,33.0,2.0,1.0
1200.0,46.0,2.0,1.0
765.0,18.0,1.0,1.0
1770.0,46.0,3.0,2.0
1200.0,30.0,2.0,1.0
590.0,12.0,1.0,1.0
750.0,19.0,1.0,1.0
684.0,24.0,1.0,1.0
3800.0,128.0,5.0,3.0
2350.0,50.0,3.0,2.0
3800.0,80.0,4.0,3.0
550.0,10.0,1.0,1.0
1610.0,47.0,2.0,1.0
610.0,10.0,1.0,1.0
1595.0,56.0,3.0,2.0
1400.0,32.0,2.0,1.0
1076.0,31.0,2.0,1.0
1600.0,50.0,2.0,1.0
459.0,9.0,1.0,1.0
2400.0,68.0,3.0,2.0
1600.0,46.0,2.0,1.0
2210.0,55.0,2.0,1.0
590.0,12.0,1.0,1.0
880.0,17.0,1.0,1.0
1375.0,38.0,2.0,1.0
982.0,34.0,2.0,1.0
1440.0,45.0,2.0,1.0
2392.0,60.0,3.0,2.0
3200.0,89.0,4.0,2.0
3200.0,75.0,3.0,2.0
2300.0,57.0,3.0,2.0
995.0,20.0,1.0,1.0
1800.0,60.0,3.0,2.0
630.0,14.0,1.0,1.0
1345.0,58.0,3.0,2.0
840.0,21.0,1.0,1.0
1400.0,45.0,2.0,1.0
1760.0,55.0,3.0,2.0
750.0,12.0,1.0,1.0
958.0,22.0,1.0,1.0
1590.0,33.0,2.0,1.0
1950.0,52.0,2.0,1.0
870.0,23.0,1.0,1.0
3900.0,100.0,4.0,2.0
980.0,20.0,1.0,1.0
1108.0,42.0,2.0,1.0
1000.0,18.0,1.0,1.0
2311.0,80.0,3.0,2.0
2251.0,69.0,3.0,2.0
1700.0,40.0,2.0,1.0
823.0,22.0,1.0,1.0
802.0,24.0,1.0,1.0
1491.0,55.0,2.0,1.0
1150.0,27.0,2.0,1.0
590.0,12.0,1.0,1.0
1670.0,50.0,2.0,1.0
950.0,26.0,2.0,1.0
1900.0,60.0,3.0,2.0
1515.0,50.0,2.0,1.0
3000.0,88.0,4.0,3.0
2600.0,71.0,2.0,1.0
6500.0,160.0,5.0,3.0
2700.0,70.0,3.0,2.0
2875.0,111.0,5.0,4.0
3000.0,87.0,3.0,2.0
1420.0,32.0,2.0,1.0
1830.0,47.0,2.0,1.0
1077.0,63.0,3.0,2.0
1900.0,60.0,3.0,2.0
1230.0,40.0,2.0,1.0
1233.0,33.0,2.0,1.0
4500.0,166.0,5.0,4.0
780.0,21.0,2.0,1.0
1790.0,41.0,3.0,2.0
990.0,26.0,1.0,1.0
2000.0,70.0,2.0,1.0
1850.0,50.0,2.0,1.0
1380.0,45.0,2.0,1.0
1055.0,20.0,1.0,1.0
4000.0,210.0,6.0,4.0
1370.0,40.0,2.0,1.0
1850.0,35.0,2.0,1.0
2150.0,46.0,2.0,1.0
1950.0,39.0,2.0,1.0
2550.0,40.0,2.0,1.0
4800.0,150.0,5.0,3.0
3750.0,100.0,4.0,2.0
3570.0,100.0,4.0,3.0
750.0,20.0,1.0,1.0
750.0,20.0,1.0,1.0
1100.0,28.0,1.0,1.0
765.0,18.0,1.0,1.0
1302.0,32.0,2.0,1.0
3500.0,100.0,4.0,3.0
1850.0,40.0,2.0,1.0
1345.0,33.0,2.0,1.0
1600.0,47.0,2.0,1.0
1010.0,27.0,1.0,1.0
3315.0,100.0,4.0,2.0
2700.0,65.0,4.0,2.0
1390.0,25.0,1.0,1.0
1400.0,45.0,2.0,1.0
1775.0,50.0,2.0,1.0
1400.0,35.0,3.0,2.0
590.0,12.0,1.0,1.0
1200.0,25.0,1.0,1.0
1600.0,45.0,2.0,1.0
1750.0,60.0,2.0,1.0
824.0,22.0,1.0,1.0
4900.0,90.0,3.0,2.0
3100.0,75.0,3.0,2.0
1880.0,66.0,3.0,2.0
1450.0,35.0,2.0,1.0
2900.0,77.0,4.0,2.0
1400.0,27.0,2.0,1.0
985.0,25.0,1.0,1.0
400.0,10.0,1.0,1.0
2500.0,65.0,3.0,2.0
973.0,31.0,2.0,1.0
690.0,19.0,1.0,1.0
2950.0,61.0,3.0,2.0
3600.0,113.0,4.0,2.0
1650.0,34.0,2.0,1.0
1200.0,30.0,2.0,1.0
4000.0,92.0,4.0,3.0
4515.0,149.0,5.0,3.0
2265.0,79.0,3.0,2.0
743.0,20.0,1.0,1.0
1279.0,47.0,3.0,2.0
4456.0,143.0,6.0,3.0
1176.0,40.0,2.0,1.0
905.0,22.0,1.0,1.0
2050.0,74.0,4.0,2.0
569.0,14.0,1.0,1.0
1500.0,54.0,2.0,1.0
2200.0,55.0,2.0,1.0
2655.0,77.0,3.0,2.0
590.0,12.0,1.0,1.0
1940.0,54.0,2.0,1.0
1370.0,42.0,2.0,1.0
3737.0,77.0,2.0,1.0
1970.0,57.0,2.0,1.0
1250.0,40.0,2.0,1.0
1148.0,34.0,2.0,1.0
1250.0,40.0,2.0,1.0
1157.0,34.0,2.0,1.0
2150.0,75.0,2.0,1.0
5950.0,178.0,5.0,3.0
1600.0,54.0,3.0,2.0
1598.0,55.0,2.0,1.0
1100.0,33.0,2.0,1.0
1240.0,35.0,2.0,1.0
1350.0,45.0,2.0,1.0
880.0,16.0,1.0,1.0
890.0,15.0,1.0,1.0
1600.0,38.0,2.0,1.0
900.0,21.0,1.0,1.0
1450.0,49.0,2.0,1.0
650.0,14.0,1.0,1.0
1600.0,40.0,2.0,1.0
2250.0,74.0,3.0,2.0
1140.0,37.0,2.0,1.0
712.0,25.0,2.0,1.0
2190.0,62.0,2.0,1.0
1200.0,30.0,2.0,1.0
1500.0,40.0,2.0,1.0
590.0,12.0,1.0,1.0
868.0,26.0,1.0,1.0
1300.0,35.0,2.0,1.0
2251.0,69.0,3.0,2.0
3550.0,108.0,4.0,3.0
5500.0,188.0,7.0,5.0
4152.0,124.0,5.0,3.0
1321.0,41.0,1.0,1.0
1980.0,56.0,3.0,2.0
530.0,9.0,1.0,1.0
2150.0,61.0,2.0,1.0
1800.0,50.0,2.0,1.0
1700.0,56.0,2.0,1.0
1700.0,38.0,2.0,1.0
2100.0,68.0,2.0,1.0
1800.0,42.0,2.0,1.0
1850.0,34.0,2.0,1.0
1600.0,36.0,2.0,1.0
1060.0,37.0,2.0,1.0
1429.0,34.0,2.0,1.0
1250.0,27.0,1.0,1.0
2057.0,69.0,3.0,2.0
900.0,25.0,1.0,1.0
885.0,23.0,2.0,1.0
3600.0,107.0,5.0,3.0
1100.0,26.0,1.0,1.0
1150.0,31.0,2.0,1.0
2530.0,62.0,2.0,1.0
7585.0,253.0,6.0,4.0
2400.0,62.0,2.0,1.0
1190.0,38.0,2.0,1.0
2200.0,54.0,4.0,2.0
1340.0,43.0,2.0,1.0
1050.0,38.0,2.0,1.0
3061.0,92.0,4.0,2.0
2790.0,80.0,3.0,2.0
6500.0,160.0,5.0,3.0
590.0,12.0,1.0,1.0
2800.0,84.0,3.0,2.0
1400.0,24.0,2.0,1.0
2750.0,80.0,3.0,2.0
2550.0,70.0,3.0,2.0
2600.0,79.0,3.0,2.0
4300.0,109.0,4.0,3.0
3300.0,97.0,4.0,3.0
1404.0,48.0,2.0,1.0
840.0,26.0,1.0,1.0
913.0,20.0,1.0,1.0
1900.0,70.0,3.0,2.0
1450.0,50.0,2.0,1.0
900.0,20.0,2.0,1.0
1100.0,32.0,2.0,1.0
1016.0,24.0,1.0,1.0
930.0,24.0,1.0,1.0
1790.0,63.0,3.0,2.0
1900.0,47.0,2.0,1.0
1430.0,38.0,2.0,1.0
870.0,18.0,1.0,1.0
3000.0,76.0,2.0,1.0
2290.0,70.0,3.0,2.0
2175.0,60.0,2.0,1.0
1450.0,37.0,2.0,1.0
975.0,25.0,2.0,1.0
1670.0,65.0,3.0,2.0
1300.0,30.0,2.0,1.0
520.0,9.0,1.0,1.0
1920.0,78.0,3.0,2.0
1120.0,46.0,2.0,1.0
3990.0,91.0,4.0,3.0
1690.0,58.0,2.0,1.0
1200.0,41.0,2.0,1.0
1090.0,40.0,2.0,2.0
990.0,24.0,1.0,1.0
590.0,12.0,1.0,1.0
1950.0,52.0,2.0,1.0
815.0,19.0,1.0,1.0
1590.0,47.0,3.0,2.0
900.0,24.0,1.0,1.0
2430.0,100.0,4.0,2.0
1289.0,43.0,2.0,1.0
610.0,9.0,1.0,1.0
1400.0,50.0,2.0,1.0
823.0,14.0,1.0,1.0
1717.0,67.0,3.0,2.0
2430.0,75.0,3.0,2.0
1250.0,35.0,2.0,1.0
710.0,15.0,1.0,1.0
1300.0,32.0,2.0,1.0
1080.0,28.0,1.0,1.0
590.0,12.0,1.0,1.0
2100.0,60.0,3.0,2.0
1449.0,57.0,2.0,1.0
4100.0,96.0,4.0,3.0
3800.0,109.0,3.0,2.0
1864.0,61.0,2.0,1.0
520.0,9.0,1.0,1.0
884.0,30.0,2.0,1.0
2700.0,89.0,3.0,2.0
1590.0,44.0,2.0,1.0
1280.0,42.0,2.0,1.0
810.0,22.0,1.0,1.0
2980.0,82.0,4.0,2.0
1600.0,32.0,2.0,1.0
991.0,37.0,1.0,1.0
913.0,29.0,1.0,1.0
4500.0,134.0,4.0,3.0
910.0,27.0,1.0,1.0
1465.0,51.0,2.0,1.0
2900.0,60.0,2.0,1.0
1200.0,40.0,2.0,1.0
1500.0,50.0,2.0,1.0
1550.0,37.0,2.0,1.0
1151.0,28.0,1.0,1.0
750.0,22.0,1.0,1.0
3100.0,98.0,4.0,3.0
1750.0,49.0,2.0,1.0
1950.0,57.0,2.0,1.0
2550.0,80.0,2.0,1.0
725.0,20.0,1.0,1.0
690.0,15.0,1.0,1.0
2456.0,87.0,4.0,3.0
2682.0,98.0,3.0,2.0
590.0,12.0,1.0,1.0
3800.0,125.0,5.0,3.0
970.0,15.0,1.0,1.0
1500.0,50.0,2.0,1.0
1150.0,18.0,1.0,1.0
2496.0,68.0,3.0,2.0
2950.0,50.0,2.0,1.0
2600.0,82.0,3.0,2.0
4396.0,112.0,4.0,3.0
3900.0,98.0,3.0,2.0
4610.0,130.0,5.0,3.0
3270.0,90.0,3.0,2.0
3900.0,95.0,4.0,3.0
2600.0,76.0,3.0,2.0
2550.0,46.0,2.0,2.0
1700.0,47.0,2.0,1.0
635.0,14.0,1.0,1.0
15900.0,300.0,8.0,6.0
959.0,21.0,2.0,1.0
590.0,12.0,1.0,1.0
830.0,21.0,2.0,1.0
1600.0,55.0,2.0,1.0
1383.0,55.0,2.0,1.0
950.0,29.0,2.0,1.0
1550.0,53.0,2.0,1.0
1490.0,46.0,2.0,1.0
2000.0,45.0,2.0,1.0
884.0,28.0,2.0,1.0
1240.0,26.0,1.0,1.0
4300.0,75.0,4.0,3.0
835.0,25.0,1.0,1.0
3800.0,144.0,5.0,4.0
3650.0,98.0,4.0,3.0
2375.0,90.0,4.0,2.0
2295.0,83.0,3.0,2.0
2000.0,55.0,3.0,2.0
2790.0,80.0,3.0,2.0
2100.0,65.0,3.0,2.0
1700.0,37.0,2.0,1.0
590.0,12.0,1.0,1.0
2200.0,55.0,2.0,1.0
1950.0,55.0,2.0,1.0
1150.0,25.0,1.0,1.0
4200.0,45.0,2.0,1.0
1700.0,32.0,2.0,1.0
1200.0,21.0,1.0,1.0
1385.0,41.0,2.0,1.0
1449.0,53.0,2.0,1.0
1600.0,32.0,2.0,1.0
3540.0,120.0,5.0,3.0
1500.0,35.0,2.0,1.0
2900.0,79.0,4.0,2.0
2200.0,75.0,2.0,1.0
1927.0,48.0,2.0,1.0
1600.0,35.0,2.0,1.0
1550.0,31.0,2.0,1.0
1360.0,45.0,2.0,1.0
2895.0,119.0,5.0,3.0
690.0,15.0,1.0,1.0
1530.0,57.0,2.0,1.0
2600.0,83.0,3.0,2.0
990.0,29.0,1.0,1.0
1390.0,30.0,2.0,1.0
1275.0,48.0,2.0,1.0
830.0,20.0,1.0,1.0
1169.0,41.0,2.0,1.0
1090.0,31.0,2.0,1.0
1118.0,25.0,1.0,1.0
590.0,12.0,1.0,1.0
1980.0,46.0,2.0,1.0
1500.0,54.0,2.0,1.0
2690.0,73.0,3.0,2.0
1250.0,37.0,2.0,1.0
1087.0,26.0,1.0,1.0
1450.0,42.0,2.0,1.0
1550.0,25.0,1.0,1.0
1050.0,26.0,2.0,1.0
1350.0,46.0,3.0,1.0
430.0,9.0,1.0,1.0
855.0,24.0,1.0,1.0
4000.0,127.0,4.0,3.0
4900.0,106.0,4.0,2.0
2300.0,58.0,2.0,1.0
1780.0,44.0,2.0,1.0
1241.0,26.0,1.0,1.0
4500.0,135.0,3.0,2.0
840.0,28.0,1.0,1.0
590.0,12.0,1.0,1.0
2199.0,80.0,3.0,2.0
1390.0,37.0,2.0,1.0
1150.0,35.0,2.0,1.0
1350.0,41.0,2.0,1.0
704.0,20.0,1.0,1.0
2133.0,60.0,3.0,1.0
3208.0,107.0,4.0,3.0
1927.0,76.0,4.0,3.0
1280.0,36.0,2.0,1.0
1500.0,43.0,2.0,1.0
1250.0,29.0,1.0,1.0
1800.0,53.0,2.0,1.0
1280.0,32.0,2.0,1.0
2133.0,73.0,3.0,2.0
1590.0,52.0,2.0,1.0
1700.0,59.0,3.0,2.0
1327.0,40.0,2.0,1.0
590.0,12.0,1.0,1.0
1950.0,62.0,3.0,2.0
1055.0,35.0,2.0,1.0
1459.0,53.0,2.0,1.0
2000.0,81.0,3.0,2.0
1166.0,33.0,2.0,1.0
2225.0,82.0,3.0,2.0
995.0,28.0,1.0,1.0
1292.0,40.0,2.0,1.0
1450.0,50.0,2.0,1.0
670.0,10.0,1.0,1.0
878.0,12.0,1.0,1.0
900.0,22.0,1.0,1.0
925.0,25.0,1.0,1.0
800.0,18.0,1.0,1.0
850.0,23.0,1.0,1.0
2700.0,93.0,4.0,2.0
720.0,16.0,1.0,1.0
1200.0,28.0,1.0,1.0
4700.0,52.0,2.0,1.0
750.0,13.0,1.0,1.0
590.0,12.0,1.0,1.0
4500.0,45.0,2.0,2.0
800.0,15.0,1.0,1.0
1100.0,19.0,1.0,1.0
1950.0,60.0,2.0,1.0
4400.0,145.0,5.0,3.0
12900.0,220.0,7.0,4.0
1542.0,55.0,2.0,1.0
1176.0,38.0,2.0,1.0
2600.0,52.0,3.0,2.0
1177.0,40.0,2.0,1.0
5350.0,137.0,4.0,3.0
2420.0,56.0,2.0,1.0
1500.0,54.0,2.0,1.0
3490.0,100.0,5.0,3.0
460.0,9.0,1.0,1.0
1882.0,71.0,3.0,2.0
2200.0,54.0,3.0,2.0
3800.0,130.0,5.0,4.0
5000.0,128.0,5.0,3.0
2597.0,89.0,3.0,2.0
1350.0,30.0,2.0,1.0
1009.0,26.0,1.0,1.0
835.0,25.0,1.0,1.0
725.0,16.0,1.0,1.0
810.0,18.0,1.0,1.0
1601.0,61.0,3.0,2.0
2774.0,88.0,3.0,2.0
4853.0,147.0,5.0,4.0
2612.0,101.0,4.0,3.0
2269.0,79.0,3.0,2.0
3040.0,50.0,2.0,1.0
1500.0,39.0,2.0,1.0
1200.0,40.0,2.0,1.0
590.0,12.0,1.0,1.0
1600.0,38.0,2.0,1.0
950.0,23.0,1.0,1.0
1760.0,67.0,3.0,2.0
786.0,25.0,2.0,1.0
4445.0,150.0,6.0,4.0
2600.0,81.0,4.0,2.0
1280.0,33.0,2.0,1.0
1550.0,47.0,3.0,2.0
1950.0,60.0,3.0,2.0
1625.0,47.0,2.0,1.0
2650.0,73.0,3.0,2.0
1750.0,43.0,2.0,1.0
2000.0,54.0,2.0,1.0
1400.0,31.0,2.0,1.0
740.0,16.0,1.0,1.0
1651.0,58.0,3.0,1.0
590.0,12.0,1.0,1.0
2001.0,86.0,4.0,3.0
1871.0,62.0,3.0,2.0
1250.0,43.0,2.0,1.0
1450.0,37.0,2.0,1.0
1300.0,23.0,1.0,1.0
1550.0,30.0,2.0,1.0
2000.0,73.0,3.0,2.0
1490.0,62.0,3.0,2.0
836.0,27.0,1.0,1.0
2400.0,76.0,3.0,2.0
920.0,26.0,1.0,1.0
1421.0,49.0,2.0,1.0
614.0,16.0,1.0,1.0
563.0,12.0,1.0,1.0
2140.0,85.0,3.0,2.0
1140.0,36.0,2.0,1.0
821.0,23.0,1.0,1.0
750.0,19.0,1.0,1.0
1700.0,49.0,2.0,1.0
1400.0,32.0,2.0,1.0
1980.0,42.0,2.0,1.0
1067.0,27.0,1.0,1.0
1250.0,28.0,1.0,1.0
2000.0,64.0,3.0,1.0
2000.0,53.0,2.0,1.0
1950.0,62.0,3.0,2.0
1100.0,22.0,1.0,1.0
864.0,22.0,1.0,1.0
1075.0,22.0,1.0,1.0
1448.0,48.0,2.0,1.0
1085.0,31.0,2.0,1.0
1334.0,54.0,2.0,1.0
1312.0,43.0,2.0,1.0
2308.0,60.0,2.0,1.0
553.0,10.0,1.0,1.0
2498.0,73.0,3.0,2.0
1600.0,34.0,2.0,1.0
2200.0,40.0,2.0,1.0
1800.0,48.0,2.0,1.0
7465.0,211.0,6.0,3.0
9690.0,241.0,7.0,4.0
1179.0,56.0,2.0,1.0
1366.0,43.0,2.0,1.0
4000.0,129.0,5.0,3.0
1090.0,32.0,2.0,1.0
4974.0,163.0,5.0,3.0
2300.0,70.0,3.0,2.0
3619.0,117.0,4.0,3.0
2673.0,78.0,4.0,3.0
1600.0,52.0,2.0,1.0
1550.0,34.0,2.0,1.0
827.0,28.0,1.0,1.0
2850.0,40.0,2.0,1.0
730.0,16.0,1.0,1.0
1020.0,32.0,2.0,1.0
2790.0,80.0,3.0,2.0
1800.0,47.0,2.0,1.0
2850.0,75.0,3.0,2.0
1950.0,54.0,2.0,1.0
1310.0,35.0,2.0,1.0
2075.0,61.0,2.0,1.0
1261.0,27.0,2.0,1.0
1350.0,42.0,2.0,1.0
2300.0,58.0,2.0,1.0
3050.0,102.0,5.0,3.0
1100.0,32.0,2.0,1.0
1500.0,45.0,2.0,1.0
850.0,20.0,1.0,1.0
3500.0,100.0,4.0,2.0
1532.0,54.0,2.0,1.0
790.0,24.0,1.0,1.0
2340.0,82.0,4.0,3.0
1330.0,45.0,2.0,1.0
1637.0,50.0,2.0,1.0
1800.0,50.0,2.0,1.0
3500.0,80.0,4.0,2.0
975.0,24.0,1.0,1.0
4200.0,81.0,3.0,2.0
483.0,12.0,1.0,1.0
1539.0,59.0,4.0,3.0
680.0,23.0,1.0,1.0
890.0,20.0,1.0,1.0
5250.0,120.0,5.0,3.0
2900.0,100.0,5.0,2.0
1600.0,35.0,2.0,1.0
6050.0,250.0,6.0,3.0
814.0,25.0,1.0,1.0
2350.0,77.0,3.0,2.0
2080.0,80.0,3.0,2.0
1557.0,44.0,2.0,1.0
3165.0,121.0,5.0,3.0
1630.0,42.0,2.0,1.0
890.0,26.0,1.0,1.0
7650.0,245.0,7.0,5.0
590.0,12.0,1.0,1.0
2085.0,43.0,2.0,1.0
830.0,18.0,1.0,1.0
984.0,28.0,2.0,1.0
2300.0,81.0,3.0,2.0
996.0,24.0,1.0,1.0
876.0,30.0,2.0,1.0
404.0,12.0,1.0,1.0
5834.0,175.0,5.0,2.0
1118.0,25.0,1.0,1.0
1300.0,42.0,2.0,1.0
1170.0,24.0,2.0,1.0
1100.0,25.0,1.0,1.0
608.0,13.0,1.0,1.0
3900.0,110.0,4.0,3.0
1630.0,32.0,2.0,1.0
2750.0,74.0,4.0,3.0
2350.0,72.0,3.0,2.0
810.0,20.0,1.0,1.0
1333.0,41.0,1.0,1.0
590.0,12.0,1.0,1.0
1500.0,41.0,2.0,1.0
5900.0,151.0,5.0,3.0
3050.0,87.0,4.0,2.0
1000.0,25.0,1.0,1.0
1200.0,28.0,2.0,1.0
1880.0,71.0,3.0,1.0
2800.0,73.0,3.0,2.0
2200.0,62.0,3.0,2.0
3621.0,107.0,4.0,3.0
871.0,21.0,1.0,1.0
1750.0,50.0,3.0,2.0
1400.0,40.0,2.0,1.0
13000.0,246.0,9.0,4.0
4094.0,98.0,4.0,2.0
1350.0,27.0,1.0,1.0
3057.0,97.0,4.0,3.0
620.0,11.0,1.0,1.0
3280.0,92.0,4.0,3.0
2350.0,56.0,3.0,2.0
1400.0,36.0,2.0,1.0
2297.0,79.0,3.0,2.0
1850.0,40.0,2.0,1.0
1750.0,37.0,2.0,1.0
1600.0,53.0,2.0,1.0
2500.0,59.0,3.0,2.0
1200.0,25.0,1.0,1.0
1300.0,38.0,2.0,1.0
1677.0,57.0,3.0,2.0
1700.0,45.0,2.0,1.0
920.0,26.0,1.0,1.0
2130.0,52.0,2.0,1.0
695.0,10.0,1.0,1.0
2510.0,91.0,4.0,2.0
1365.0,46.0,2.0,1.0
850.0,28.0,2.0,1.0
900.0,19.0,1.0,1.0
1015.0,38.0,2.0,1.0
3300.0,115.0,5.0,3.0
500.0,12.0,1.0,1.0
2900.0,91.0,5.0,3.0
850.0,20.0,1.0,1.0
937.0,26.0,2.0,1.0
2400.0,72.0,5.0,2.0
1630.0,43.0,2.0,1.0
1515.0,49.0,2.0,1.0
1199.0,33.0,2.0,1.0
1449.0,52.0,2.0,1.0
2045.0,70.0,2.0,1.0
2915.0,97.0,3.0,2.0
590.0,12.0,1.0,1.0
2200.0,60.0,2.0,1.0
1400.0,32.0,2.0,1.0
1585.0,48.0,2.0,1.0
1200.0,35.0,2.0,1.0
1300.0,37.0,2.0,1.0
931.0,30.0,2.0,1.0
983.0,40.0,2.0,1.0
739.0,20.0,1.0,1.0
845.0,29.0,2.0,1.0
3700.0,105.0,4.0,2.0
735.0,16.0,1.0,1.0
990.0,31.0,2.0,1.0
1200.0,30.0,1.0,1.0
1290.0,30.0,1.0,1.0
3500.0,70.0,3.0,2.0
5000.0,145.0,6.0,4.0
2600.0,75.0,4.0,2.0
4500.0,81.0,3.0,2.0
1345.0,34.0,2.0,1.0
590.0,12.0,1.0,1.0
825.0,22.0,1.0,1.0
1210.0,46.0,2.0,1.0
960.0,32.0,2.0,1.0
5950.0,166.0,5.0,3.0
3351.0,105.0,4.0,3.0
2350.0,47.0,2.0,1.0
4350.0,99.0,3.0,2.0
3200.0,60.0,3.0,2.0
3150.0,64.0,2.0,1.0
1300.0,42.0,2.0,1.0
1350.0,29.0,1.0,1.0
1400.0,50.0,2.0,1.0
1700.0,60.0,3.0,2.0
1550.0,60.0,3.0,3.0
880.0,21.0,1.0,1.0
2500.0,70.0,3.0,2.0
2761.0,75.0,3.0,2.0
1173.0,40.0,2.0,1.0
2400.0,61.0,3.0,2.0
1290.0,30.0,1.0,1.0
1200.0,24.0,2.0,1.0
1000.0,31.0,2.0,1.0
1398.0,43.0,2.0,1.0
995.0,24.0,2.0,1.0
735.0,16.0,1.0,1.0
2453.0,76.0,3.0,2.0
2100.0,50.0,2.0,1.0
3300.0,72.0,4.0,2.0
1150.0,33.0,2.0,1.0
1105.0,29.0,1.0,1.0
1050.0,20.0,1.0,1.0
2200.0,58.0,2.0,1.0
1100.0,24.0,1.0,1.0
3117.0,107.0,5.0,4.0
2700.0,78.0,3.0,2.0
1285.0,37.0,2.0,1.0
950.0,24.0,1.0,1.0
15000.0,200.0,6.0,4.0
2000.0,70.0,2.0,1.0
1190.0,36.0,2.0,1.0
1940.0,50.0,2.0,1.0
2550.0,73.0,3.0,2.0
850.0,20.0,1.0,1.0
2750.0,69.0,2.0,1.0
1750.0,55.0,3.0,2.0
1600.0,44.0,2.0,1.0
900.0,18.0,1.0,1.0
810.0,23.0,1.0,1.0
750.0,14.0,1.0,1.0
850.0,21.0,1.0,1.0
1640.0,42.0,2.0,1.0
590.0,12.0,1.0,1.0
665.0,11.0,1.0,1.0
1056.0,28.0,2.0,1.0
1300.0,31.0,2.0,1.0
1300.0,24.0,1.0,1.0
720.0,14.0,1.0,1.0
3020.0,135.0,5.0,3.0
1350.0,45.0,2.0,1.0
925.0,25.0,1.0,1.0
2032.0,35.0,2.0,1.0
1800.0,50.0,2.0,1.0
1750.0,36.0,2.0,1.0
1783.0,32.0,2.0,1.0
2000.0,40.0,2.0,1.0
1848.0,38.0,2.0,1.0
2244.0,42.0,2.0,1.0
2533.0,70.0,4.0,2.0
1980.0,40.0,2.0,1.0
2112.0,35.0,2.0,1.0
2059.0,22.0,2.0,1.0
2112.0,36.0,2.0,1.0
2400.0,60.0,2.0,1.0
2456.0,34.0,2.0,1.0
1570.0,33.0,2.0,1.0
2490.0,50.0,2.0,1.0
2290.0,46.0,2.0,1.0
2580.0,40.0,2.0,1.0
1850.0,40.0,2.0,1.0
1950.0,40.0,2.0,1.0
2100.0,35.0,2.0,1.0
2100.0,60.0,2.0,1.0
2050.0,45.0,2.0,1.0
1333.0,30.0,2.0,1.0
1689.0,38.0,2.0,1.0
1690.0,35.0,2.0,1.0
2300.0,45.0,2.0,1.0
2467.0,50.0,4.0,2.0
2367.0,56.0,4.0,2.0
2179.0,35.0,2.0,1.0
2033.0,40.0,2.0,1.0
2467.0,50.0,4.0,2.0
590.0,12.0,1.0,1.0
1367.0,27.0,2.0,1.0
1915.0,51.0,2.0,1.0
1920.0,23.0,2.0,1.0
2376.0,46.0,2.0,1.0
2376.0,55.0,2.0,1.0
2443.0,30.0,2.0,1.0
1950.0,40.0,2.0,1.0
2300.0,40.0,2.0,1.0
2575.0,40.0,2.0,1.0
2217.0,28.0,2.0,1.0
2508.0,51.0,3.0,1.0
2100.0,43.0,2.0,1.0
2179.0,43.0,2.0,1.0
1560.0,28.0,2.0,1.0
1775.0,30.0,2.0,1.0
2100.0,35.0,2.0,1.0
1900.0,18.0,1.0,1.0
1900.0,42.0,2.0,1.0
2490.0,44.0,2.0,1.0
2470.0,48.0,2.0,1.0
590.0,12.0,1.0,1.0
1750.0,30.0,2.0,1.0
2160.0,50.0,2.0,1.0
1930.0,35.0,2.0,1.0
1900.0,31.0,2.0,1.0
2427.0,45.0,3.0,1.0
2499.0,55.0,3.0,1.0
2230.0,40.0,2.0,1.0
1819.0,30.0,2.0,1.0
2145.0,44.0,2.0,1.0
2112.0,30.0,2.0,1.0
2564.0,32.0,2.0,1.0
2574.0,45.0,3.0,2.0
2225.0,30.0,2.0,1.0
4200.0,91.0,4.0,3.0
5300.0,124.0,4.0,3.0
1780.0,55.0,2.0,1.0
5900.0,109.0,3.0,2.0
1314.0,54.0,2.0,1.0
3150.0,120.0,4.0,3.0
3188.0,106.0,4.0,2.0
2700.0,79.0,3.0,2.0
1280.0,24.0,1.0,1.0
2834.0,99.0,4.0,3.0
2320.0,89.0,3.0,2.0
1650.0,53.0,3.0,1.0
1430.0,47.0,2.0,1.0
900.0,28.0,1.0,1.0
2150.0,75.0,2.0,1.0
1430.0,42.0,2.0,1.0
950.0,23.0,1.0,1.0
1070.0,41.0,2.0,1.0
1155.0,36.0,2.0,1.0
1990.0,60.0,3.0,2.0
1210.0,42.0,2.0,1.0
1020.0,35.0,2.0,1.0
1490.0,42.0,2.0,1.0
1238.0,27.0,1.0,1.0
754.0,22.0,1.0,1.0
1450.0,29.0,2.0,1.0
1200.0,35.0,2.0,1.0
6980.0,230.0,8.0,7.0
4700.0,52.0,2.0,1.0
5900.0,71.0,3.0,2.0
5300.0,61.0,3.0,1.0
5300.0,61.0,3.0,1.0
4800.0,95.0,3.0,2.0
2500.0,60.0,3.0,2.0
4500.0,75.0,3.0,2.0
1623.0,51.0,3.0,1.0
1300.0,39.0,2.0,1.0
850.0,15.0,1.0,1.0
908.0,29.0,1.0,1.0
2442.0,82.0,3.0,1.0
2700.0,79.0,3.0,2.0
2800.0,60.0,3.0,2.0
5350.0,194.0,6.0,4.0
1200.0,30.0,1.0,1.0
900.0,25.0,1.0,1.0
3766.0,140.0,5.0,3.0
590.0,12.0,1.0,1.0
3230.0,130.0,5.0,3.0
1250.0,36.0,2.0,1.0
2600.0,63.0,2.0,1.0
1179.0,37.0,1.0,1.0
2706.0,119.0,6.0,4.0
3000.0,93.0,4.0,2.0
650.0,14.0,1.0,1.0
5100.0,150.0,4.0,3.0
6300.0,170.0,6.0,5.0
2600.0,63.0,2.0,1.0
500.0,9.0,1.0,1.0
2555.0,75.0,3.0,2.0
1975.0,58.0,2.0,1.0
2990.0,78.0,3.0,2.0
1900.0,42.0,2.0,1.0
4650.0,170.0,5.0,5.0
700.0,11.0,1.0,1.0
1040.0,27.0,2.0,1.0
1420.0,36.0,2.0,1.0
590.0,12.0,1.0,1.0
1395.0,43.0,2.0,1.0
1950.0,55.0,2.0,1.0
2223.0,20.0,2.0,1.0
1300.0,36.0,2.0,1.0
2430.0,75.0,3.0,2.0
2300.0,45.0,2.0,1.0
1490.0,40.0,2.0,1.0
1440.0,49.0,2.0,1.0
1470.0,39.0,2.0,1.0
5868.0,185.0,5.0,3.0
4350.0,116.0,4.0,3.0
1760.0,49.0,2.0,1.0
820.0,24.0,1.0,1.0
2690.0,110.0,4.0,2.0
2890.0,81.0,5.0,3.0
750.0,15.0,1.0,1.0
972.0,25.0,1.0,1.0
1300.0,38.0,2.0,1.0
1410.0,32.0,2.0,1.0
1350.0,40.0,2.0,1.0
1860.0,65.0,3.0,2.0
1290.0,45.0,2.0,1.0
1533.0,26.0,1.0,1.0
1533.0,26.0,1.0,1.0
1420.0,46.0,3.0,2.0
2000.0,68.0,3.0,2.0
3640.0,97.0,4.0,2.0
2342.0,77.0,4.0,2.0
1330.0,37.0,2.0,1.0
905.0,27.0,2.0,1.0
620.0,13.0,1.0,1.0
1530.0,46.0,2.0,1.0
1650.0,39.0,2.0,1.0
1315.0,39.0,2.0,1.0
1900.0,39.0,2.0,1.0
1923.0,32.0,2.0,1.0
830.0,29.0,1.0,1.0
1200.0,38.0,2.0,1.0
2050.0,66.0,3.0,2.0
1650.0,48.0,2.0,1.0
3050.0,99.0,3.0,2.0
2240.0,56.0,3.0,2.0
1295.0,33.0,2.0,1.0
1117.0,20.0,1.0,1.0
2200.0,68.0,3.0,2.0
1050.0,28.0,1.0,1.0
1500.0,52.0,2.0,1.0
1475.0,44.0,2.0,1.0
1425.0,47.0,2.0,1.0
1425.0,47.0,3.0,1.0
703.0,19.0,1.0,1.0
1270.0,24.0,2.0,1.0
1345.0,46.0,2.0,1.0
932.0,22.0,1.0,1.0
1750.0,44.0,2.0,1.0
663.0,20.0,1.0,1.0
7900.0,201.0,7.0,4.0
2640.0,75.0,4.0,3.0
1229.0,39.0,2.0,1.0
1819.0,62.0,3.0,2.0
1200.0,34.0,2.0,1.0
795.0,14.0,1.0,1.0
1870.0,60.0,3.0,2.0
550.0,11.0,1.0,1.0
590.0,12.0,1.0,1.0
1350.0,30.0,2.0,1.0
1750.0,35.0,2.0,1.0
1750.0,40.0,2.0,1.0
1750.0,40.0,2.0,1.0
1750.0,34.0,2.0,1.0
3570.0,145.0,4.0,2.0
2800.0,80.0,4.0,2.0
850.0,26.0,1.0,1.0
1990.0,56.0,3.0,2.0
1700.0,37.0,2.0,1.0
2900.0,88.0,4.0,2.0
799.0,18.0,1.0,1.0
6500.0,190.0,6.0,3.0
2000.0,62.0,3.0,2.0
1914.0,73.0,3.0,2.0
600.0,14.0,1.0,1.0
1200.0,37.0,2.0,1.0
777.0,22.0,1.0,1.0
1600.0,45.0,2.0,1.0
500.0,10.0,1.0,1.0
1190.0,27.0,2.0,1.0
1980.0,50.0,2.0,1.0
4000.0,100.0,3.0,2.0
12000.0,225.0,5.0,3.0
1400.0,30.0,2.0,1.0
1300.0,32.0,2.0,1.0
2800.0,85.0,3.0,2.0
1650.0,32.0,2.0,1.0
1390.0,28.0,2.0,1.0
1960.0,57.0,3.0,2.0
4000.0,120.0,4.0,3.0
1390.0,34.0,2.0,1.0
1450.0,28.0,2.0,1.0
1650.0,36.0,2.0,1.0
1800.0,42.0,2.0,1.0
1620.0,47.0,2.0,1.0
3100.0,100.0,4.0,2.0
1510.0,42.0,2.0,1.0
995.0,28.0,2.0,1.0
1240.0,43.0,2.0,1.0
1800.0,41.0,2.0,1.0
3200.0,105.0,3.0,2.0
1610.0,41.0,2.0,1.0
1350.0,37.0,2.0,1.0
1490.0,41.0,2.0,1.0
2230.0,83.0,3.0,2.0
3490.0,117.0,5.0,3.0
1542.0,50.0,3.0,1.0
1200.0,40.0,2.0,1.0
880.0,23.0,1.0,1.0
4380.0,110.0,4.0,3.0
200.0,12.0,1.0,1.0
2380.0,69.0,2.0,1.0
4800.0,95.0,4.0,3.0
1817.0,52.0,2.0,1.0
2000.0,47.0,2.0,1.0
2160.0,45.0,2.0,1.0
2100.0,33.0,2.0,1.0
1250.0,35.0,2.0,1.0
890.0,22.0,1.0,1.0
2420.0,50.0,2.0,1.0
5600.0,142.0,5.0,3.0
3366.0,111.0,4.0,2.0
2000.0,48.0,2.0,1.0
2900.0,80.0,2.0,1.0
3500.0,79.0,3.0,2.0
2950.0,72.0,2.0,1.0
1600.0,46.0,2.0,1.0
5100.0,206.0,7.0,5.0
1750.0,25.0,1.0,1.0
2035.0,77.0,3.0,2.0
2000.0,55.0,2.0,1.0
1915.0,65.0,2.0,1.0
1850.0,48.0,2.0,1.0
1800.0,29.0,2.0,1.0
590.0,12.0,1.0,1.0
950.0,18.0,1.0,1.0
2650.0,75.0,3.0,2.0
1400.0,28.0,2.0,1.0
2800.0,89.0,4.0,2.0
7500.0,211.0,6.0,2.0
15000.0,230.0,7.0,3.0
4528.0,157.0,5.0,3.0
3127.0,88.0,3.0,2.0
1120.0,20.0,1.0,1.0
1538.0,48.0,2.0,1.0
3200.0,80.0,3.0,2.0
1340.0,24.0,2.0,1.0
2100.0,53.0,2.0,1.0
1553.0,43.0,2.0,1.0
2800.0,45.0,2.0,2.0
2900.0,67.0,2.0,1.0
734.0,15.0,1.0,1.0
10000.0,197.0,7.0,3.0
3300.0,57.0,3.0,2.0
2350.0,52.0,2.0,1.0
10700.0,180.0,5.0,3.0
18000.0,386.0,9.0,4.0
1400.0,32.0,2.0,1.0
1580.0,46.0,2.0,1.0
1600.0,42.0,2.0,1.0
3982.0,124.0,3.0,2.0
4410.0,133.0,3.0,2.0
1946.0,73.0,3.0,2.0
812.0,22.0,1.0,1.0
895.0,22.0,1.0,1.0
1048.0,27.0,1.0,1.0
920.0,25.0,2.0,1.0
960.0,28.0,1.0,1.0
1300.0,24.0,1.0,1.0
3000.0,79.0,3.0,2.0
200.0,10.0,2.0,1.0
810.0,22.0,1.0,1.0
1370.0,41.0,2.0,1.0
3790.0,99.0,3.0,2.0
895.0,25.0,1.0,1.0
1490.0,62.0,2.0,1.0
2700.0,75.0,3.0,2.0
950.0,21.0,1.0,1.0
1702.0,54.0,2.0,1.0
850.0,17.0,1.0,1.0
1026.0,24.0,1.0,1.0
1150.0,28.0,1.0,1.0
2801.0,80.0,3.0,2.0
850.0,26.0,1.0,1.0
1380.0,41.0,2.0,1.0
695.0,20.0,1.0,1.0
1916.0,67.0,2.0,1.0
1750.0,40.0,2.0,1.0
5520.0,197.0,5.0,3.0
12000.0,225.0,5.0,3.0
3058.0,74.0,2.0,1.0
2767.0,67.0,2.0,1.0
2600.0,92.0,3.0,2.0
614.0,12.0,1.0,1.0
2400.0,70.0,3.0,2.0
610.0,14.0,1.0,1.0
1250.0,28.0,2.0,1.0
3800.0,95.0,3.0,2.0
1410.0,53.0,2.0,1.0
1026.0,24.0,1.0,1.0
1150.0,28.0,1.0,1.0
2394.0,84.0,3.0,2.0
2464.0,88.0,5.0,3.0
1295.0,49.0,2.0,1.0
4000.0,80.0,4.0,2.0
1800.0,58.0,3.0,2.0
1538.0,48.0,3.0,2.0
2800.0,130.0,3.0,2.0
900.0,28.0,1.0,1.0
1400.0,44.0,2.0,1.0
850.0,24.0,1.0,1.0
1850.0,45.0,2.0,1.0
2950.0,90.0,3.0,2.0
1010.0,39.0,2.0,1.0
880.0,18.0,1.0,1.0
1300.0,22.0,2.0,1.0
1550.0,29.0,1.0,1.0
4650.0,130.0,5.0,3.0
950.0,21.0,1.0,1.0
1190.0,24.0,2.0,1.0
1850.0,51.0,2.0,1.0
1900.0,50.0,3.0,2.0
1790.0,50.0,2.0,1.0
590.0,12.0,1.0,1.0
753.0,19.0,1.0,1.0
1650.0,58.0,2.0,1.0
1872.0,52.0,2.0,1.0
1180.0,28.0,2.0,1.0
2022.0,58.0,3.0,2.0
690.0,14.0,1.0,1.0
1100.0,36.0,2.0,1.0
1300.0,35.0,2.0,1.0
1143.0,35.0,2.0,1.0
1515.0,51.0,3.0,2.0
1690.0,40.0,2.0,1.0
1896.0,70.0,3.0,2.0
1300.0,25.0,2.0,1.0
900.0,15.0,2.0,1.0
1000.0,22.0,1.0,1.0
590.0,12.0,1.0,1.0
4000.0,100.0,4.0,2.0
964.0,26.0,1.0,1.0
3250.0,72.0,5.0,3.0
896.0,24.0,1.0,1.0
800.0,21.0,2.0,1.0
3100.0,99.0,5.0,3.0
790.0,17.0,1.0,1.0
2125.0,63.0,3.0,1.0
3000.0,70.0,4.0,2.0
3100.0,85.0,3.0,2.0
1950.0,60.0,2.0,1.0
3250.0,100.0,3.0,2.0
3500.0,95.0,4.0,3.0
1750.0,33.0,2.0,1.0
3500.0,93.0,5.0,3.0
958.0,26.0,1.0,1.0
1190.0,43.0,2.0,1.0
1494.0,58.0,3.0,2.0
1148.0,33.0,2.0,1.0
590.0,12.0,1.0,1.0
3100.0,109.0,3.0,2.0
1616.0,61.0,3.0,2.0
1150.0,33.0,2.0,1.0
1187.0,34.0,2.0,1.0
1400.0,25.0,2.0,1.0
2141.0,81.0,4.0,3.0
1750.0,55.0,3.0,2.0
1775.0,52.0,2.0,1.0
1050.0,27.0,2.0,1.0
1659.0,49.0,2.0,1.0
1379.0,41.0,2.0,1.0
3100.0,85.0,3.0,2.0
875.0,17.0,1.0,1.0
3985.0,61.0,3.0,2.0
3200.0,104.0,4.0,2.0
1600.0,40.0,2.0,1.0
1150.0,24.0,1.0,1.0
1350.0,23.0,2.0,1.0
1330.0,27.0,2.0,1.0
1275.0,33.0,2.0,1.0
968.0,22.0,1.0,1.0
1318.0,43.0,2.0,1.0
1490.0,42.0,2.0,1.0
801.0,22.0,1.0,1.0
2395.0,40.0,2.0,1.0
2508.0,40.0,2.0,1.0
2290.0,55.0,4.0,2.0
670.0,10.0,1.0,1.0
1350.0,23.0,2.0,1.0
1600.0,42.0,2.0,1.0
1960.0,38.0,2.0,1.0
12000.0,224.0,6.0,3.0
817.0,23.0,1.0,1.0
1448.0,38.0,2.0,1.0
1171.0,36.0,2.0,1.0
3269.0,100.0,4.0,3.0
1211.0,34.0,2.0,1.0
1700.0,38.0,2.0,1.0
1619.0,63.0,2.0,1.0
850.0,24.0,1.0,1.0
830.0,16.0,1.0,1.0
1380.0,45.0,2.0,1.0
1445.0,37.0,2.0,1.0
1026.0,34.0,2.0,1.0
1110.0,38.0,2.0,1.0
3900.0,158.0,5.0,3.0
1350.0,21.0,2.0,1.0
1350.0,36.0,2.0,1.0
1930.0,70.0,3.0,2.0
590.0,12.0,1.0,1.0
1700.0,57.0,2.0,1.0
8200.0,241.0,7.0,4.0
2200.0,71.0,3.0,2.0
900.0,15.0,1.0,1.0
850.0,17.0,1.0,1.0
2850.0,90.0,4.0,2.0
1300.0,26.0,2.0,1.0
1830.0,65.0,3.0,2.0
1200.0,28.0,1.0,1.0
3950.0,109.0,4.0,3.0
6000.0,150.0,6.0,3.0
1990.0,67.0,2.0,1.0
1000.0,17.0,1.0,1.0
1500.0,40.0,2.0,1.0
3000.0,80.0,3.0,2.0
2200.0,40.0,2.0,1.0
2100.0,50.0,3.0,2.0
590.0,12.0,1.0,1.0
2000.0,55.0,2.0,1.0
1235.0,44.0,2.0,1.0
1709.0,50.0,2.0,1.0
1779.0,57.0,2.0,1.0
615.0,13.0,1.0,1.0
2325.0,50.0,3.0,2.0
1315.0,42.0,2.0,1.0
1590.0,40.0,2.0,1.0
1120.0,22.0,1.0,1.0
2900.0,68.0,3.0,2.0
1300.0,28.0,1.0,1.0
1200.0,23.0,1.0,1.0
1590.0,29.0,2.0,1.0
850.0,17.0,1.0,1.0
850.0,17.0,1.0,1.0
1200.0,30.0,1.0,1.0
1200.0,30.0,2.0,1.0
3800.0,105.0,4.0,3.0
4500.0,115.0,5.0,3.0
1351.0,43.0,2.0,2.0
875.0,23.0,1.0,1.0
586.0,12.0,1.0,1.0
1390.0,44.0,2.0,1.0
1280.0,19.0,1.0,1.0
1700.0,39.0,2.0,1.0
2250.0,70.0,3.0,2.0
1590.0,55.0,2.0,1.0
1440.0,27.0,1.0,1.0
1312.0,44.0,2.0,1.0
1162.0,34.0,2.0,1.0
3800.0,138.0,5.0,3.0
1200.0,34.0,2.0,1.0
3512.0,128.0,4.0,3.0
4000.0,117.0,5.0,3.0
958.0,26.0,1.0,1.0
590.0,12.0,1.0,1.0
1190.0,43.0,2.0,1.0
1494.0,58.0,3.0,2.0
3110.0,86.0,4.0,2.0
1140.0,29.0,1.0,1.0
898.0,31.0,2.0,1.0
2000.0,46.0,2.0,1.0
5880.0,179.0,4.0,2.0
1250.0,55.0,2.0,1.0
683.0,24.0,1.0,1.0
1086.0,44.0,2.0,1.0
450.0,12.0,1.0,1.0
659.0,19.0,1.0,1.0
4650.0,170.0,7.0,5.0
1550.0,43.0,2.0,1.0
1480.0,49.0,2.0,1.0
590.0,12.0,1.0,1.0
14460.0,432.0,10.0,7.0
1680.0,58.0,2.0,1.0
730.0,9.0,1.0,1.0
1640.0,46.0,2.0,1.0
1500.0,43.0,3.0,1.0
1600.0,51.0,2.0,1.0
1445.0,39.0,2.0,1.0
1095.0,29.0,1.0,1.0
1950.0,50.0,3.0,1.0
890.0,15.0,1.0,1.0
1540.0,55.0,2.0,1.0
2200.0,62.0,2.0,1.0
2150.0,58.0,3.0,2.0
2300.0,67.0,3.0,2.0
2900.0,88.0,3.0,1.0
1790.0,56.0,2.0,1.0
590.0,12.0,1.0,1.0
800.0,15.0,1.0,1.0
930.0,24.0,2.0,1.0
1050.0,34.0,2.0,1.0
6000.0,160.0,5.0,4.0
1650.0,40.0,2.0,1.0
1490.0,46.0,2.0,1.0
2650.0,68.0,2.0,1.0
906.0,29.0,1.0,1.0
1380.0,26.0,1.0,1.0
3600.0,83.0,3.0,2.0
2650.0,68.0,3.0,1.0
9400.0,250.0,7.0,4.0
938.0,21.0,1.0,1.0
3000.0,47.0,2.0,1.0
700.0,15.0,1.0,1.0
1531.0,46.0,2.0,1.0
1650.0,48.0,2.0,1.0
1750.0,28.0,1.0,1.0
7100.0,168.0,6.0,4.0
2013.0,56.0,3.0,2.0
1185.0,30.0,2.0,1.0
2690.0,99.0,4.0,2.0
4000.0,148.0,6.0,4.0
690.0,13.0,1.0,1.0
1350.0,40.0,2.0,1.0
2150.0,75.0,2.0,1.0
1038.0,27.0,1.0,1.0
1144.0,46.0,2.0,1.0
1287.0,35.0,1.0,1.0
1250.0,29.0,1.0,1.0
1081.0,29.0,1.0,1.0
1290.0,40.0,2.0,1.0
4290.0,138.0,6.0,3.0
1800.0,37.0,2.0,1.0
1560.0,51.0,2.0,1.0
1016.0,29.0,1.0,1.0
4200.0,115.0,3.0,2.0
1100.0,31.0,2.0,1.0
3950.0,102.0,4.0,2.0
4378.0,84.0,3.0,1.0
2190.0,75.0,3.0,2.0
2790.0,83.0,3.0,2.0
1110.0,27.0,1.0,1.0
990.0,31.0,2.0,1.0
2966.0,72.0,4.0,3.0
530.0,9.0,1.0,1.0
1140.0,25.0,1.0,1.0
1550.0,47.0,2.0,1.0
1445.0,42.0,2.0,1.0
2240.0,79.0,3.0,2.0
9500.0,224.0,5.0,3.0
1106.0,25.0,1.0,1.0
1100.0,32.0,2.0,1.0
2140.0,70.0,3.0,2.0
1030.0,17.0,1.0,1.0
2336.0,86.0,3.0,2.0
3572.0,124.0,5.0,3.0
3079.0,107.0,4.0,3.0
7500.0,250.0,7.0,3.0
1090.0,32.0,2.0,1.0
716.0,20.0,1.0,1.0
900.0,24.0,1.0,1.0
1190.0,24.0,1.0,1.0
1750.0,50.0,3.0,2.0
4348.0,131.0,5.0,5.0
3500.0,89.0,4.0,2.0
2600.0,60.0,3.0,2.0
1990.0,34.0,2.0,1.0
1950.0,50.0,2.0,1.0
1110.0,35.0,2.0,1.0
1177.0,34.0,2.0,1.0
652.0,16.0,1.0,1.0
2966.0,72.0,3.0,2.0
3990.0,110.0,5.0,3.0
2590.0,93.0,5.0,3.0
10500.0,260.0,7.0,5.0
2300.0,40.0,3.0,2.0
1250.0,36.0,2.0,1.0
2300.0,23.0,2.0,1.0
2158.0,75.0,3.0,2.0
920.0,31.0,1.0,1.0
1235.0,40.0,2.0,1.0
510.0,14.0,1.0,1.0
1200.0,26.0,2.0,1.0
3066.0,91.0,5.0,3.0
2800.0,77.0,3.0,2.0
950.0,26.0,2.0,1.0
1337.0,40.0,2.0,1.0
5500.0,128.0,5.0,3.0
1090.0,28.0,2.0,1.0
950.0,28.0,1.0,1.0
1250.0,27.0,1.0,1.0
1569.0,42.0,2.0,1.0
718.0,19.0,1.0,1.0
850.0,25.0,1.0,1.0
961.0,38.0,2.0,1.0
1570.0,45.0,2.0,1.0
4500.0,75.0,3.0,2.0
873.0,16.0,1.0,1.0
1246.0,43.0,2.0,1.0
1650.0,43.0,3.0,1.0
1750.0,50.0,2.0,1.0
1130.0,20.0,1.0,1.0
1650.0,54.0,2.0,1.0
1663.0,56.0,2.0,1.0
970.0,28.0,2.0,1.0
2112.0,45.0,2.0,1.0
2587.0,77.0,4.0,2.0
830.0,18.0,1.0,1.0
650.0,12.0,1.0,1.0
1500.0,31.0,2.0,1.0
1900.0,58.0,3.0,2.0
1300.0,39.0,2.0,1.0
1800.0,36.0,2.0,1.0
590.0,12.0,1.0,1.0
1820.0,46.0,2.0,1.0
4034.0,114.0,4.0,3.0
1536.0,50.0,2.0,1.0
1800.0,36.0,2.0,1.0
4600.0,147.0,6.0,4.0
5009.0,146.0,5.0,3.0
640.0,15.0,1.0,1.0
1200.0,31.0,2.0,1.0
3990.0,104.0,3.0,2.0
1450.0,35.0,2.0,1.0
3000.0,66.0,3.0,2.0
865.0,23.0,1.0,1.0
3320.0,97.0,4.0,4.0
2425.0,66.0,3.0,2.0
2700.0,100.0,4.0,3.0
3990.0,110.0,5.0,3.0
926.0,27.0,1.0,1.0
1630.0,55.0,2.0,1.0
1550.0,47.0,2.0,1.0
2200.0,50.0,3.0,2.0
2500.0,71.0,3.0,2.0
1050.0,20.0,1.0,1.0
1395.0,26.0,2.0,1.0
600.0,13.0,1.0,1.0
5834.0,175.0,5.0,3.0
1395.0,26.0,2.0,1.0
996.0,24.0,1.0,1.0
1180.0,28.0,1.0,1.0
2203.0,76.0,3.0,2.0
810.0,28.0,2.0,1.0
1779.0,48.0,2.0,1.0
2100.0,54.0,3.0,2.0
667.0,14.0,1.0,1.0
816.0,21.0,1.0,1.0
1200.0,46.0,2.0,1.0
1500.0,47.0,2.0,1.0
1590.0,40.0,2.0,1.0
2490.0,63.0,3.0,2.0
1600.0,34.0,2.0,1.0
1240.0,35.0,3.0,4.0
1099.0,24.0,1.0,1.0
1426.0,44.0,2.0,1.0
2250.0,53.0,2.0,1.0
1050.0,41.0,2.0,1.0
1183.0,29.0,1.0,1.0
1293.0,36.0,2.0,1.0
1500.0,48.0,2.0,1.0
860.0,20.0,1.0,1.0
1480.0,52.0,2.0,1.0
1950.0,52.0,2.0,1.0
3585.0,115.0,4.0,3.0
1635.0,59.0,3.0,2.0
1147.0,28.0,1.0,1.0
1950.0,52.0,2.0,1.0
2130.0,73.0,3.0,2.0
2695.0,90.0,4.0,3.0
3110.0,85.0,3.0,2.0
3800.0,96.0,4.0,2.0
900.0,28.0,1.0,1.0
2200.0,67.0,3.0,1.0
1450.0,40.0,2.0,1.0
1010.0,27.0,2.0,1.0
740.0,18.0,1.0,1.0
1450.0,36.0,2.0,1.0
7400.0,178.0,5.0,3.0
6800.0,165.0,5.0,2.0
3672.0,134.0,6.0,5.0
2033.0,72.0,3.0,2.0
2100.0,68.0,3.0,2.0
3400.0,84.0,3.0,2.0
10000.0,220.0,5.0,3.0
1425.0,34.0,2.0,1.0
3300.0,90.0,5.0,3.0
590.0,12.0,1.0,1.0
1500.0,34.0,2.0,1.0
2100.0,58.0,2.0,1.0
7000.0,120.0,4.0,2.0
2172.0,93.0,4.0,2.0
2100.0,54.0,3.0,2.0
1300.0,39.0,2.0,1.0
1330.0,44.0,2.0,1.0
3820.0,158.0,5.0,4.0
1815.0,51.0,2.0,1.0
2070.0,58.0,2.0,1.0
1750.0,34.0,2.0,1.0
412.0,10.0,1.0,1.0
682.0,14.0,1.0,1.0
590.0,12.0,1.0,1.0
6700.0,196.0,6.0,3.0
773.0,19.0,1.0,1.0
810.0,21.0,1.0,1.0
2650.0,60.0,2.0,1.0
1410.0,36.0,2.0,1.0
3600.0,102.0,3.0,2.0
1180.0,27.0,2.0,1.0
1160.0,47.0,2.0,1.0
966.0,24.0,1.0,1.0
2700.0,93.0,3.0,2.0
2145.0,41.0,2.0,1.0
590.0,12.0,1.0,1.0
950.0,26.0,1.0,1.0
2990.0,76.0,4.0,2.0
5000.0,153.0,5.0,3.0
5000.0,153.0,5.0,3.0
1390.0,50.0,2.0,1.0
3740.0,122.0,5.0,3.0
7049.0,207.0,6.0,3.0
3800.0,85.0,4.0,2.0
1417.0,39.0,2.0,1.0
30000.0,420.0,10.0,5.0
1300.0,34.0,2.0,1.0
2150.0,50.0,3.0,2.0
2270.0,61.0,3.0,2.0
3200.0,75.0,3.0,2.0
1800.0,45.0,2.0,1.0
590.0,12.0,1.0,1.0
700.0,18.0,1.0,1.0
3965.0,68.0,3.0,2.0
1605.0,68.0,3.0,2.0
1700.0,40.0,2.0,1.0
1225.0,35.0,2.0,1.0
2000.0,88.0,3.0,2.0
2300.0,72.0,3.0,2.0
2500.0,69.0,3.0,2.0
1400.0,49.0,2.0,1.0
1941.0,68.0,3.0,2.0
3000.0,69.0,3.0,2.0
2180.0,65.0,3.0,1.0
1140.0,18.0,1.0,1.0
1520.0,43.0,2.0,1.0
3150.0,73.0,3.0,2.0
590.0,12.0,1.0,1.0
1200.0,27.0,2.0,1.0
850.0,18.0,1.0,1.0
1736.0,62.0,3.0,2.0
1213.0,34.0,2.0,1.0
3300.0,120.0,5.0,3.0
1250.0,25.0,2.0,1.0
950.0,24.0,2.0,1.0
1050.0,21.0,1.0,1.0
9800.0,150.0,4.0,3.0
3600.0,107.0,5.0,3.0
1900.0,53.0,2.0,1.0
1860.0,45.0,2.0,1.0
1880.0,64.0,3.0,2.0
1390.0,44.0,2.0,1.0
1050.0,33.0,2.0,1.0
830.0,19.0,2.0,1.0
1200.0,40.0,2.0,1.0
1400.0,42.0,2.0,1.0
890.0,28.0,2.0,1.0
1130.0,20.0,1.0,1.0
1551.0,48.0,2.0,1.0
1700.0,30.0,2.0,1.0
4500.0,158.0,5.0,3.0
2070.0,31.0,2.0,1.0
1240.0,36.0,2.0,1.0
1600.0,27.0,1.0,1.0
1375.0,39.0,2.0,1.0
988.0,23.0,1.0,1.0
3300.0,100.0,4.0,2.0
12136.0,193.0,5.0,3.0
11500.0,220.0,7.0,4.0
1700.0,55.0,3.0,1.0
1525.0,26.0,2.0,1.0
2650.0,38.0,2.0,1.0
2600.0,81.0,4.0,2.0
1200.0,40.0,2.0,1.0
783.0,13.0,1.0,1.0
668.0,11.0,1.0,1.0
650.0,15.0,1.0,1.0
2835.0,74.0,2.0,1.0
1380.0,35.0,2.0,1.0
2500.0,67.0,3.0,2.0
4750.0,164.0,5.0,3.0
2855.0,90.0,4.0,3.0
1100.0,33.0,2.0,1.0
895.0,20.0,1.0,1.0
2000.0,57.0,2.0,1.0
750.0,18.0,1.0,1.0
1296.0,25.0,1.0,1.0
5500.0,138.0,5.0,3.0
3900.0,117.0,6.0,4.0
900.0,25.0,1.0,1.0
590.0,12.0,1.0,1.0
1950.0,44.0,2.0,1.0
1850.0,45.0,2.0,1.0
2318.0,91.0,4.0,2.0
1199.0,32.0,2.0,1.0
1490.0,36.0,2.0,1.0
1100.0,34.0,2.0,1.0
2853.0,120.0,3.0,2.0
1300.0,25.0,2.0,1.0
1303.0,37.0,2.0,1.0
1325.0,29.0,1.0,1.0
1318.0,46.0,2.0,1.0
1850.0,40.0,2.0,1.0
2325.0,65.0,3.0,1.0
2740.0,62.0,3.0,2.0
1143.0,41.0,2.0,1.0
3470.0,115.0,5.0,3.0
720.0,22.0,1.0,1.0
7000.0,220.0,6.0,5.0
1600.0,56.0,3.0,1.0
950.0,21.0,1.0,1.0
2150.0,43.0,2.0,1.0
2300.0,80.0,4.0,3.0
2248.0,85.0,4.0,3.0
1250.0,42.0,2.0,1.0
4000.0,103.0,5.0,2.0
723.0,12.0,1.0,1.0
745.0,12.0,1.0,1.0
2300.0,69.0,3.0,2.0
1490.0,42.0,2.0,1.0
1150.0,20.0,1.0,1.0
600.0,9.0,1.0,1.0
6700.0,192.0,5.0,3.0
6300.0,219.0,7.0,4.0
950.0,21.0,1.0,1.0
2000.0,54.0,2.0,1.0
6500.0,135.0,5.0,3.0
2000.0,50.0,2.0,1.0
4950.0,150.0,5.0,3.0
790.0,16.0,1.0,1.0
2370.0,75.0,3.0,2.0
4200.0,95.0,3.0,2.0
1430.0,49.0,2.0,1.0
4260.0,131.0,4.0,3.0
1500.0,50.0,2.0,1.0
1190.0,24.0,2.0,1.0
2550.0,85.0,4.0,2.0
6000.0,127.0,3.0,2.0
6495.0,191.0,6.0,5.0
2007.0,32.0,2.0,1.0
1600.0,45.0,2.0,1.0
950.0,42.0,2.0,1.0
620.0,21.0,1.0,1.0
1350.0,35.0,2.0,1.0
1990.0,74.0,3.0,2.0
1154.0,35.0,2.0,1.0
1248.0,32.0,2.0,1.0
1950.0,55.0,3.0,1.0
1150.0,39.0,2.0,1.0
1230.0,39.0,2.0,1.0
2160.0,52.0,3.0,2.0
1150.0,24.0,1.0,1.0
1380.0,52.0,2.0,1.0
1150.0,25.0,1.0,1.0
1124.0,47.0,2.0,1.0
3800.0,117.0,5.0,3.0
952.0,28.0,1.0,1.0
1055.0,29.0,1.0,1.0
870.0,21.0,1.0,1.0
2330.0,76.0,4.0,3.0
2150.0,55.0,3.0,1.0
2500.0,52.0,2.0,1.0
1733.0,52.0,2.0,1.0
1091.0,37.0,2.0,1.0
655.0,12.0,1.0,1.0
4179.0,142.0,5.0,3.0
620.0,12.0,1.0,1.0
1240.0,44.0,2.0,1.0
1470.0,34.0,2.0,1.0
607.0,13.0,1.0,1.0
3500.0,82.0,3.0,2.0
1750.0,40.0,2.0,1.0
2600.0,40.0,2.0,1.0
3200.0,75.0,3.0,2.0
5680.0,124.0,5.0,3.0
2700.0,70.0,3.0,1.0
6980.0,185.0,6.0,5.0
850.0,20.0,1.0,1.0
3400.0,70.0,3.0,2.0
2800.0,73.0,3.0,2.0
6980.0,185.0,6.0,5.0
3200.0,75.0,3.0,2.0
3500.0,82.0,3.0,2.0
3700.0,125.0,4.0,3.0
2498.0,67.0,2.0,1.0
2508.0,41.0,2.0,1.0
2040.0,35.0,2.0,1.0
1853.0,18.0,2.0,1.0
681.0,15.0,1.0,1.0
2350.0,60.0,3.0,1.0
2700.0,85.0,3.0,2.0
1900.0,72.0,3.0,2.0
3215.0,98.0,3.0,2.0
2700.0,70.0,3.0,2.0
2900.0,92.0,4.0,2.0
1314.0,47.0,2.0,1.0
3187.0,119.0,5.0,4.0
1800.0,55.0,2.0,1.0
548.0,11.0,1.0,1.0
1681.0,71.0,3.0,2.0
1050.0,26.0,2.0,1.0
2870.0,92.0,3.0,2.0
2556.0,79.0,3.0,2.0
1297.0,32.0,2.0,1.0
710.0,16.0,1.0,1.0
2400.0,44.0,2.0,1.0
3367.0,92.0,4.0,2.0
2390.0,46.0,2.0,1.0
4000.0,70.0,4.0,2.0
4396.0,122.0,5.0,4.0
2130.0,65.0,3.0,2.0
590.0,12.0,1.0,1.0
2130.0,65.0,3.0,2.0
1290.0,33.0,2.0,1.0
1670.0,47.0,2.0,1.0
875.0,16.0,1.0,1.0
500.0,9.0,1.0,1.0
690.0,15.0,1.0,1.0
2900.0,63.0,3.0,2.0
827.0,18.0,1.0,1.0
1646.0,44.0,2.0,1.0
3430.0,123.0,3.0,2.0
1350.0,32.0,2.0,1.0
2190.0,70.0,3.0,2.0
830.0,17.0,1.0,1.0
1250.0,38.0,2.0,1.0
1470.0,44.0,2.0,1.0
1800.0,36.0,2.0,1.0
850.0,22.0,1.0,1.0
1950.0,47.0,3.0,2.0
590.0,12.0,1.0,1.0
4900.0,152.0,5.0,3.0
2290.0,35.0,2.0,1.0
2290.0,40.0,2.0,1.0
2150.0,50.0,2.0,1.0
2250.0,30.0,2.0,1.0
1600.0,34.0,2.0,1.0
2030.0,35.0,2.0,1.0
2240.0,50.0,3.0,2.0
1800.0,45.0,3.0,1.0
1367.0,25.0,2.0,1.0
1705.0,14.0,1.0,1.0
1630.0,33.0,2.0,1.0
1890.0,40.0,2.0,1.0
2050.0,25.0,2.0,1.0
2100.0,25.0,2.0,1.0
1900.0,30.0,4.0,1.0
1850.0,40.0,2.0,1.0
1900.0,15.0,2.0,1.0
590.0,12.0,1.0,1.0
1900.0,30.0,2.0,1.0
2570.0,80.0,4.0,2.0
1780.0,18.0,2.0,1.0
2300.0,34.0,2.0,1.0
1770.0,36.0,2.0,1.0
2470.0,55.0,2.0,1.0
1317.0,26.0,2.0,1.0
1400.0,18.0,2.0,1.0
1898.0,21.0,2.0,1.0
1705.0,18.0,4.0,1.0
2200.0,55.0,3.0,1.0
1875.0,21.0,2.0,1.0
1367.0,25.0,2.0,1.0
2244.0,25.0,1.0,1.0
1650.0,23.0,2.0,1.0
2250.0,45.0,2.0,1.0
1300.0,19.0,2.0,1.0
1352.0,21.0,2.0,1.0
1740.0,42.0,2.0,1.0
5000.0,132.0,5.0,3.0
590.0,12.0,1.0,1.0
770.0,17.0,1.0,1.0
2920.0,86.0,4.0,3.0
3200.0,105.0,4.0,3.0
2400.0,54.0,2.0,1.0
1650.0,50.0,2.0,1.0
2920.0,111.0,4.0,2.0
801.0,27.0,1.0,1.0
1290.0,16.0,1.0,1.0
2500.0,82.0,3.0,2.0
1520.0,42.0,2.0,1.0
650.0,17.0,1.0,1.0
1039.0,29.0,1.0,1.0
1975.0,73.0,4.0,2.0
850.0,21.0,1.0,1.0
590.0,12.0,1.0,1.0
890.0,24.0,1.0,1.0
1187.0,32.0,1.0,1.0
1950.0,49.0,2.0,1.0
1143.0,30.0,2.0,1.0
2110.0,56.0,2.0,1.0
1700.0,50.0,2.0,1.0
3200.0,105.0,4.0,3.0
2170.0,22.0,1.0,1.0
870.0,26.0,1.0,1.0
890.0,28.0,1.0,1.0
814.0,20.0,1.0,1.0
1995.0,67.0,3.0,2.0
1190.0,38.0,2.0,1.0
1050.0,28.0,1.0,1.0
1100.0,24.0,1.0,1.0
5000.0,98.0,3.0,2.0
1500.0,40.0,2.0,1.0
590.0,12.0,1.0,1.0
3200.0,94.0,4.0,2.0
1549.0,44.0,2.0,1.0
437.0,9.0,1.0,1.0
3340.0,108.0,5.0,3.0
17000.0,320.0,8.0,5.0
4575.0,105.0,3.0,2.0
750.0,20.0,1.0,1.0
1670.0,53.0,2.0,1.0
5880.0,179.0,4.0,2.0
2306.0,86.0,4.0,3.0
963.0,29.0,1.0,1.0
6900.0,190.0,7.0,5.0
707.0,15.0,1.0,1.0
1318.0,33.0,2.0,1.0
1400.0,35.0,2.0,1.0
11000.0,150.0,5.0,3.0
2150.0,68.0,3.0,2.0
1950.0,65.0,3.0,2.0
1780.0,44.0,2.0,1.0
4332.0,100.0,4.0,3.0
1750.0,54.0,2.0,1.0
520.0,9.0,1.0,1.0
1200.0,33.0,2.0,1.0
3500.0,95.0,4.0,3.0
1050.0,26.0,1.0,1.0
2805.0,84.0,4.0,2.0
920.0,22.0,1.0,1.0
1790.0,80.0,4.0,2.0
1150.0,25.0,1.0,1.0
9200.0,173.0,4.0,3.0
9200.0,200.0,4.0,3.0
2290.0,70.0,3.0,2.0
2323.0,73.0,4.0,3.0
5330.0,131.0,5.0,3.0
3500.0,106.0,4.0,2.0
890.0,15.0,1.0,1.0
1260.0,31.0,2.0,1.0
2500.0,90.0,4.0,2.0
5200.0,82.0,2.0,1.0
2015.0,61.0,3.0,2.0
1710.0,62.0,3.0,2.0
1330.0,45.0,2.0,1.0
2232.0,82.0,4.0,3.0
3100.0,94.0,3.0,2.0
920.0,24.0,2.0,1.0
1750.0,51.0,2.0,1.0
4300.0,110.0,3.0,1.0
1450.0,52.0,2.0,1.0
1890.0,39.0,2.0,1.0
1105.0,29.0,1.0,1.0
3000.0,103.0,4.0,2.0
2785.0,111.0,3.0,2.0
1722.0,57.0,2.0,1.0
1859.0,55.0,2.0,1.0
1200.0,50.0,2.0,1.0
1150.0,25.0,1.0,1.0
1790.0,43.0,2.0,1.0
750.0,15.0,1.0,1.0
1200.0,35.0,2.0,1.0
1200.0,35.0,2.0,1.0
880.0,24.0,1.0,1.0
750.0,17.0,1.0,1.0
1128.0,40.0,2.0,1.0
3700.0,100.0,4.0,2.0
811.0,16.0,1.0,1.0
955.0,31.0,2.0,1.0
1890.0,20.0,2.0,1.0
3676.0,132.0,5.0,3.0
1650.0,30.0,2.0,1.0
1750.0,25.0,2.0,1.0
1600.0,38.0,2.0,1.0
2000.0,42.0,2.0,1.0
925.0,23.0,2.0,1.0
1700.0,41.0,2.0,1.0
550.0,10.0,1.0,1.0
920.0,28.0,1.0,1.0
1590.0,57.0,3.0,2.0
4600.0,122.0,5.0,3.0
4000.0,88.0,3.0,2.0
15000.0,350.0,8.0,4.0
1800.0,36.0,2.0,1.0
7500.0,189.0,5.0,3.0
730.0,15.0,1.0,1.0
778.0,20.0,1.0,1.0
4600.0,122.0,5.0,3.0
4028.0,140.0,4.0,2.0
10400.0,230.0,6.0,3.0
2950.0,78.0,2.0,1.0
3300.0,53.0,2.0,1.0
581.0,12.0,1.0,1.0
5800.0,154.0,5.0,3.0
750.0,23.0,1.0,1.0
3100.0,80.0,3.0,2.0
2440.0,77.0,3.0,2.0
750.0,15.0,1.0,1.0
4600.0,124.0,5.0,3.0
1900.0,53.0,2.0,1.0
1103.0,43.0,2.0,1.0
1188.0,47.0,2.0,1.0
590.0,12.0,1.0,1.0
1188.0,47.0,2.0,1.0
1985.0,58.0,1.0,1.0
1510.0,42.0,2.0,1.0
980.0,27.0,2.0,1.0
1170.0,28.0,1.0,1.0
1938.0,70.0,4.0,2.0
950.0,24.0,1.0,1.0
1220.0,31.0,2.0,1.0
894.0,39.0,2.0,1.0
1917.0,47.0,2.0,1.0
27100.0,300.0,6.0,5.0
2250.0,43.0,2.0,1.0
5100.0,123.0,5.0,4.0
3120.0,103.0,5.0,3.0
12000.0,242.0,8.0,4.0
2800.0,82.0,4.0,2.0
750.0,18.0,1.0,1.0
650.0,14.0,1.0,1.0
1650.0,40.0,3.0,2.0
950.0,18.0,1.0,1.0
3500.0,80.0,5.0,3.0
2800.0,57.0,4.0,2.0
3050.0,91.0,4.0,2.0
3060.0,78.0,3.0,2.0
2140.0,54.0,2.0,1.0
3795.0,120.0,4.0,3.0
1180.0,27.0,1.0,1.0
2200.0,30.0,1.0,1.0
2800.0,68.0,3.0,2.0
2500.0,70.0,2.0,1.0
530.0,9.0,1.0,1.0
1496.0,44.0,3.0,1.0
1305.0,39.0,2.0,1.0
2200.0,51.0,3.0,1.0
1148.0,33.0,2.0,1.0
2000.0,75.0,3.0,2.0
1290.0,43.0,2.0,1.0
590.0,12.0,1.0,1.0
1290.0,43.0,2.0,1.0
3990.0,103.0,3.0,2.0
2070.0,48.0,2.0,1.0
1246.0,43.0,2.0,1.0
1590.0,40.0,2.0,1.0
1800.0,50.0,2.0,1.0
4990.0,130.0,6.0,4.0
2350.0,71.0,3.0,2.0
1090.0,27.0,1.0,1.0
850.0,15.0,1.0,1.0
3015.0,83.0,3.0,2.0
2780.0,84.0,3.0,2.0
935.0,24.0,1.0,1.0
12000.0,306.0,6.0,4.0
590.0,12.0,1.0,1.0
1900.0,55.0,2.0,1.0
2780.0,88.0,3.0,2.0
1734.0,45.0,2.0,1.0
2377.0,82.0,4.0,2.0
2000.0,60.0,2.0,1.0
1300.0,36.0,1.0,1.0
836.0,26.0,1.0,1.0
1520.0,53.0,2.0,1.0
1388.0,54.0,2.0,1.0
2519.0,100.0,4.0,3.0
2325.0,86.0,3.0,2.0
9200.0,200.0,5.0,3.0
1390.0,40.0,2.0,1.0
4500.0,147.0,5.0,3.0
880.0,18.0,1.0,1.0
1190.0,24.0,2.0,1.0
590.0,12.0,1.0,1.0
1320.0,38.0,2.0,1.0
845.0,28.0,1.0,1.0
1814.0,52.0,2.0,1.0
1697.0,57.0,2.0,1.0
3699.0,134.0,6.0,5.0
3990.0,145.0,4.0,3.0
1500.0,38.0,2.0,1.0
1340.0,48.0,2.0,1.0
1480.0,48.0,2.0,1.0
3200.0,98.0,4.0,3.0
2400.0,52.0,2.0,1.0
2500.0,40.0,2.0,1.0
990.0,26.0,1.0,1.0
2611.0,99.0,4.0,2.0
1470.0,39.0,2.0,1.0
1250.0,28.0,1.0,1.0
1125.0,27.0,1.0,1.0
1390.0,30.0,2.0,1.0
1600.0,34.0,2.0,1.0
4985.0,169.0,5.0,3.0
4400.0,106.0,5.0,3.0
1585.0,38.0,2.0,1.0
2100.0,74.0,3.0,1.0
1444.0,49.0,2.0,1.0
870.0,17.0,1.0,1.0
7800.0,215.0,6.0,3.0
3200.0,86.0,3.0,2.0
2100.0,70.0,3.0,2.0
5500.0,173.0,5.0,4.0
1245.0,37.0,2.0,1.0
1800.0,45.0,2.0,1.0
1400.0,30.0,2.0,1.0
2000.0,55.0,3.0,2.0
2382.0,60.0,2.0,1.0
2550.0,75.0,3.0,2.0
510.0,13.0,1.0,1.0
1057.0,34.0,1.0,1.0
3300.0,78.0,3.0,1.0
836.0,23.0,1.0,1.0
2070.0,57.0,3.0,2.0
1770.0,45.0,2.0,1.0
3450.0,88.0,3.0,2.0
2600.0,55.0,3.0,2.0
2500.0,61.0,2.0,1.0
1128.0,28.0,1.0,1.0
700.0,10.0,1.0,1.0
2580.0,88.0,5.0,3.0
800.0,26.0,1.0,1.0
1312.0,29.0,2.0,1.0
1200.0,26.0,2.0,1.0
3500.0,137.0,5.0,3.0
1180.0,30.0,2.0,1.0
1890.0,54.0,2.0,1.0
1350.0,40.0,2.0,1.0
1250.0,36.0,2.0,1.0
1890.0,70.0,3.0,2.0
1849.0,74.0,3.0,2.0
1760.0,35.0,2.0,1.0
1950.0,63.0,3.0,1.0
1850.0,63.0,2.0,1.0
4210.0,119.0,5.0,3.0
1190.0,31.0,2.0,1.0
1790.0,50.0,2.0,1.0
1000.0,30.0,2.0,1.0
700.0,17.0,1.0,1.0
590.0,12.0,1.0,1.0
700.0,17.0,1.0,1.0
790.0,18.0,1.0,1.0
3200.0,80.0,3.0,2.0
2290.0,73.0,3.0,2.0
3500.0,97.0,4.0,2.0
1800.0,53.0,2.0,1.0
1700.0,45.0,2.0,1.0
1710.0,47.0,2.0,1.0
3385.0,98.0,4.0,2.0
2990.0,90.0,3.0,2.0
1200.0,27.0,1.0,1.0
4600.0,160.0,5.0,3.0
900.0,17.0,1.0,1.0
3218.0,95.0,3.0,2.0
4300.0,120.0,5.0,3.0
730.0,13.0,1.0,1.0
4000.0,107.0,4.0,2.0
4985.0,170.0,5.0,3.0
4656.0,151.0,5.0,3.0
590.0,12.0,1.0,1.0
4500.0,75.0,3.0,2.0
995.0,35.0,2.0,1.0
1575.0,53.0,3.0,2.0
1850.0,43.0,2.0,1.0
2290.0,73.0,3.0,2.0
3820.0,158.0,5.0,4.0
4700.0,116.0,5.0,3.0
1200.0,32.0,2.0,1.0
925.0,26.0,1.0,1.0
1890.0,40.0,2.0,1.0
5350.0,159.0,5.0,3.0
1890.0,40.0,2.0,1.0
990.0,21.0,1.0,1.0
1150.0,22.0,1.0,1.0
3250.0,67.0,2.0,1.0
3750.0,106.0,5.0,3.0
2000.0,70.0,3.0,2.0
1850.0,62.0,2.0,1.0
1600.0,48.0,2.0,1.0
1053.0,38.0,2.0,1.0
631.0,15.0,1.0,1.0
1310.0,40.0,2.0,1.0
4500.0,116.0,4.0,3.0
1604.0,66.0,3.0,1.0
5000.0,141.0,5.0,3.0
1031.0,31.0,2.0,1.0
1088.0,40.0,2.0,1.0
930.0,25.0,1.0,1.0
598.0,10.0,1.0,1.0
3500.0,85.0,4.0,2.0
2217.0,75.0,3.0,1.0
1290.0,40.0,2.0,1.0
1150.0,24.0,2.0,1.0
6900.0,190.0,7.0,5.0
1150.0,27.0,1.0,1.0
1700.0,60.0,2.0,1.0
5990.0,179.0,6.0,4.0
1450.0,30.0,2.0,1.0
3900.0,86.0,4.0,2.0
1950.0,55.0,2.0,1.0
3735.0,117.0,5.0,3.0
1800.0,48.0,2.0,1.0
5000.0,137.0,4.0,2.0
2500.0,64.0,4.0,2.0
2500.0,52.0,2.0,1.0
650.0,13.0,1.0,1.0
1800.0,40.0,2.0,1.0
1811.0,57.0,2.0,1.0
1370.0,40.0,2.0,1.0
1195.0,36.0,2.0,1.0
2665.0,69.0,3.0,2.0
1450.0,44.0,2.0,1.0
1400.0,46.0,2.0,1.0
1050.0,24.0,1.0,1.0
1292.0,42.0,2.0,1.0
5990.0,180.0,4.0,3.0
10900.0,359.0,7.0,4.0
10000.0,137.0,5.0,2.0
2600.0,35.0,2.0,1.0
2500.0,58.0,3.0,2.0
3800.0,115.0,4.0,2.0
1700.0,42.0,2.0,1.0
590.0,12.0,1.0,1.0
1700.0,42.0,2.0,1.0
1950.0,43.0,2.0,1.0
6100.0,170.0,5.0,3.0
3000.0,91.0,3.0,2.0
730.0,16.0,1.0,1.0
850.0,17.0,1.0,1.0
900.0,25.0,1.0,1.0
840.0,18.0,1.0,1.0
820.0,19.0,1.0,1.0
1510.0,33.0,2.0,1.0
3500.0,90.0,4.0,3.0
1300.0,38.0,2.0,1.0
998.0,25.0,1.0,1.0
2496.0,68.0,3.0,2.0
2850.0,88.0,3.0,2.0
590.0,12.0,1.0,1.0
2146.0,65.0,3.0,2.0
799.0,23.0,1.0,1.0
3300.0,92.0,4.0,2.0
2450.0,79.0,3.0,2.0
1100.0,32.0,2.0,1.0
1070.0,30.0,2.0,1.0
8550.0,166.0,4.0,2.0
2300.0,83.0,3.0,1.0
3650.0,88.0,4.0,2.0
4500.0,75.0,3.0,2.0
1813.0,80.0,3.0,2.0
1500.0,33.0,2.0,1.0
1950.0,42.0,2.0,1.0
2600.0,80.0,4.0,2.0
6850.0,138.0,5.0,3.0
1700.0,40.0,2.0,1.0
2200.0,85.0,3.0,2.0
590.0,12.0,1.0,1.0
2390.0,80.0,3.0,2.0
15000.0,236.0,6.0,3.0
2100.0,60.0,2.0,1.0
5500.0,142.0,5.0,3.0
1648.0,56.0,2.0,1.0
4992.0,198.0,7.0,4.0
6900.0,148.0,5.0,3.0
950.0,34.0,2.0,1.0
2490.0,71.0,4.0,2.0
6100.0,159.0,5.0,3.0
1435.0,42.0,2.0,1.0
1200.0,27.0,2.0,1.0
1470.0,39.0,2.0,1.0
4725.0,149.0,5.0,3.0
5015.0,169.0,5.0,3.0
3150.0,93.0,4.0,2.0
1840.0,53.0,2.0,1.0
590.0,12.0,1.0,1.0
2795.0,82.0,3.0,1.0
1905.0,58.0,2.0,1.0
66500.0,50.0,2.0,1.0
2195.0,70.0,3.0,2.0
2000.0,52.0,2.0,1.0
4985.0,169.0,5.0,3.0
1000.0,27.0,1.0,1.0
3200.0,109.0,5.0,3.0
1290.0,35.0,2.0,1.0
590.0,12.0,1.0,1.0
3720.0,109.0,3.0,2.0
2900.0,90.0,3.0,2.0
645.0,22.0,2.0,1.0
1280.0,26.0,2.0,1.0
3200.0,87.0,4.0,2.0
9100.0,220.0,7.0,4.0
3890.0,120.0,4.0,3.0
1900.0,34.0,2.0,1.0
8465.0,262.0,5.0,3.0
2930.0,90.0,3.0,2.0
5950.0,178.0,5.0,3.0
1100.0,28.0,1.0,1.0
4985.0,168.0,5.0,3.0
8176.0,262.0,5.0,3.0
790.0,22.0,1.0,1.0
820.0,20.0,1.0,1.0
12500.0,190.0,8.0,5.0
5000.0,156.0,3.0,2.0
640.0,14.0,1.0,1.0
3450.0,84.0,3.0,2.0
1650.0,39.0,2.0,1.0
2500.0,60.0,3.0,2.0
1200.0,20.0,1.0,1.0
2900.0,80.0,3.0,2.0
1750.0,36.0,2.0,1.0
20000.0,375.0,7.0,4.0
3150.0,85.0,3.0,2.0
1200.0,20.0,1.0,1.0
1040.0,20.0,1.0,1.0
2900.0,95.0,3.0,2.0
1230.0,26.0,1.0,1.0
2600.0,61.0,3.0,2.0
590.0,12.0,1.0,1.0
4132.0,117.0,5.0,3.0
1270.0,22.0,1.0,1.0
1900.0,50.0,3.0,2.0
4100.0,133.0,5.0,3.0
1795.0,50.0,2.0,1.0
760.0,15.0,1.0,1.0
12050.0,225.0,6.0,4.0
1546.0,60.0,2.0,1.0
1385.0,55.0,2.0,1.0
790.0,17.0,1.0,1.0
1090.0,21.0,1.0,1.0
900.0,27.0,2.0,1.0
1940.0,67.0,3.0,2.0
590.0,12.0,1.0,1.0
7500.0,141.0,4.0,3.0
4500.0,120.0,5.0,3.0
1095.0,27.0,1.0,1.0
1990.0,69.0,3.0,2.0
5000.0,132.0,5.0,3.0
5000.0,118.0,4.0,2.0
1600.0,50.0,2.0,1.0
5250.0,141.0,6.0,4.0
950.0,30.0,2.0,1.0
390.0,10.0,1.0,1.0
1700.0,40.0,2.0,1.0
3900.0,58.0,2.0,1.0
800.0,15.0,1.0,1.0
650.0,15.0,1.0,1.0
1800.0,50.0,2.0,1.0
3500.0,115.0,4.0,2.0
1742.0,57.0,2.0,1.0
590.0,12.0,1.0,1.0
1495.0,37.0,2.0,1.0
1450.0,36.0,2.0,1.0
4000.0,116.0,5.0,3.0
1900.0,42.0,3.0,1.0
2575.0,66.0,3.0,2.0
2500.0,29.0,2.0,1.0
1737.0,22.0,2.0,1.0
2467.0,37.0,2.0,1.0
1373.0,18.0,2.0,1.0
1700.0,32.0,2.0,1.0
1736.0,28.0,2.0,1.0
1870.0,20.0,2.0,1.0
1700.0,21.0,2.0,1.0
1735.0,35.0,2.0,1.0
1819.0,28.0,2.0,1.0
1500.0,23.0,1.0,1.0
1545.0,18.0,2.0,1.0
1512.0,21.0,2.0,1.0
590.0,12.0,1.0,1.0
1500.0,25.0,2.0,1.0
1974.0,25.0,2.0,1.0
2403.0,38.0,2.0,1.0
1950.0,27.0,2.0,1.0
2059.0,23.0,2.0,1.0
1840.0,35.0,2.0,1.0
1848.0,40.0,2.0,1.0
1625.0,16.0,2.0,1.0
1433.0,22.0,2.0,1.0
2037.0,26.0,2.0,1.0
2400.0,25.0,2.0,1.0
1888.0,25.0,2.0,1.0
2100.0,35.0,2.0,1.0
2523.0,55.0,2.0,1.0
2300.0,50.0,3.0,2.0
1355.0,37.0,2.0,1.0
1500.0,24.0,2.0,1.0
980.0,29.0,2.0,1.0
1075.0,27.0,1.0,1.0
450.0,9.0,1.0,1.0
2700.0,69.0,3.0,2.0
1150.0,24.0,1.0,1.0
3400.0,96.0,3.0,2.0
2313.0,83.0,3.0,2.0
1270.0,33.0,2.0,1.0
1950.0,45.0,2.0,1.0
11450.0,204.0,5.0,3.0
4200.0,127.0,5.0,3.0
813.0,23.0,1.0,1.0
920.0,25.0,2.0,1.0
976.0,29.0,1.0,1.0
890.0,18.0,1.0,1.0
2600.0,50.0,3.0,2.0
3950.0,131.0,3.0,2.0
1574.0,63.0,3.0,1.0
3600.0,93.0,4.0,3.0
4500.0,133.0,5.0,3.0
3600.0,120.0,5.0,3.0
3600.0,91.0,4.0,2.0
4000.0,96.0,4.0,3.0
7500.0,153.0,5.0,3.0
3671.0,112.0,4.0,2.0
690.0,23.0,1.0,1.0
590.0,12.0,1.0,1.0
2500.0,45.0,2.0,1.0
3950.0,111.0,3.0,2.0
32000.0,371.0,8.0,5.0
2000.0,47.0,2.0,1.0
2920.0,91.0,3.0,2.0
2250.0,67.0,3.0,2.0
4328.0,140.0,5.0,3.0
2565.0,76.0,3.0,2.0
1230.0,25.0,2.0,1.0
1850.0,58.0,3.0,2.0
805.0,22.0,1.0,1.0
1290.0,35.0,2.0,1.0
2000.0,54.0,2.0,1.0
2695.0,96.0,3.0,2.0
1795.0,56.0,3.0,1.0
2300.0,65.0,2.0,1.0
5732.0,194.0,6.0,4.0
1611.0,54.0,2.0,1.0
1222.0,45.0,2.0,1.0
1050.0,26.0,2.0,1.0
1350.0,45.0,2.0,1.0
1190.0,36.0,2.0,1.0
1355.0,50.0,2.0,1.0
5000.0,114.0,4.0,2.0
7800.0,189.0,5.0,3.0
2100.0,56.0,3.0,2.0
3650.0,110.0,3.0,2.0
2392.0,75.0,3.0,2.0
2350.0,74.0,3.0,2.0
9000.0,300.0,5.0,3.0
801.0,23.0,1.0,1.0
1997.0,51.0,2.0,1.0
3850.0,107.0,4.0,3.0
590.0,12.0,1.0,1.0
3850.0,107.0,4.0,3.0
800.0,26.0,1.0,1.0
1622.0,50.0,2.0,1.0
1790.0,60.0,3.0,1.0
2700.0,80.0,4.0,3.0
7000.0,140.0,6.0,4.0
2000.0,34.0,2.0,1.0
1500.0,40.0,2.0,1.0
2000.0,37.0,2.0,1.0
2080.0,46.0,2.0,1.0
990.0,24.0,2.0,1.0
2500.0,76.0,4.0,2.0
999.0,24.0,2.0,1.0
1850.0,57.0,2.0,1.0
1290.0,40.0,2.0,1.0
2750.0,83.0,3.0,2.0
1900.0,57.0,2.0,1.0
1700.0,43.0,2.0,1.0
2565.0,79.0,2.0,1.0
4135.0,124.0,3.0,2.0
4410.0,133.0,3.0,2.0
2510.0,79.0,2.0,1.0
3982.0,124.0,3.0,2.0
3720.0,109.0,3.0,2.0
990.0,17.0,1.0,1.0
5732.0,194.0,6.0,4.0
2400.0,70.0,3.0,2.0
3000.0,75.0,3.0,2.0
2650.0,60.0,3.0,2.0
3795.0,120.0,4.0,3.0
4450.0,130.0,5.0,3.0
2510.0,79.0,2.0,1.0
3000.0,80.0,4.0,3.0
1110.0,28.0,1.0,1.0
1991.0,61.0,3.0,2.0
2800.0,83.0,3.0,2.0
2600.0,64.0,2.0,1.0
4650.0,130.0,5.0,3.0
4210.0,119.0,5.0,3.0
2250.0,63.0,3.0,1.0
6000.0,150.0,5.0,3.0
2000.0,51.0,2.0,1.0
4200.0,91.0,4.0,3.0
4500.0,133.0,5.0,3.0
3500.0,97.0,4.0,2.0
1075.0,31.0,2.0,1.0
2820.0,90.0,3.0,2.0
890.0,20.0,1.0,1.0
520.0,10.0,1.0,1.0
3000.0,96.0,3.0,2.0
1000.0,27.0,1.0,1.0
2250.0,48.0,2.0,1.0
1440.0,51.0,2.0,1.0
695.0,14.0,1.0,1.0
1330.0,34.0,2.0,2.0
1250.0,32.0,1.0,1.0
3660.0,100.0,4.0,3.0
3200.0,62.0,3.0,2.0
8750.0,353.0,6.0,4.0
10000.0,182.0,4.0,3.0
7000.0,135.0,3.0,2.0
1200.0,27.0,1.0,1.0
1525.0,44.0,2.0,1.0
850.0,20.0,1.0,1.0
740.0,16.0,1.0,1.0
2400.0,81.0,3.0,1.0
2400.0,57.0,3.0,1.0
1490.0,60.0,2.0,1.0
3215.0,84.0,3.0,2.0
1580.0,43.0,2.0,1.0
4100.0,98.0,5.0,3.0
850.0,25.0,1.0,1.0
5000.0,155.0,6.0,4.0
1392.0,60.0,2.0,1.0
690.0,20.0,1.0,1.0
1240.0,50.0,2.0,1.0
1995.0,54.0,2.0,1.0
1450.0,37.0,2.0,1.0
3150.0,103.0,3.0,2.0
1600.0,34.0,2.0,1.0
1900.0,52.0,2.0,1.0
1250.0,26.0,2.0,1.0
2500.0,80.0,4.0,3.0
1200.0,29.0,1.0,1.0
2600.0,73.0,2.0,1.0
890.0,24.0,1.0,1.0
3300.0,97.0,4.0,2.0
2600.0,73.0,2.0,1.0
613.0,9.0,1.0,1.0
1320.0,42.0,2.0,1.0
1450.0,38.0,2.0,1.0
2750.0,60.0,2.0,1.0
180000.0,35.0,2.0,1.0
3350.0,119.0,4.0,2.0
613.0,9.0,1.0,1.0
4000.0,153.0,5.0,2.0
2175.0,82.0,3.0,1.0
4000.0,96.0,4.0,3.0
1100.0,24.0,1.0,1.0
2450.0,58.0,3.0,2.0
4200.0,123.0,5.0,3.0
2800.0,75.0,4.0,2.0
2090.0,60.0,3.0,2.0
3490.0,94.0,3.0,2.0
1150.0,40.0,2.0,1.0
1500.0,93.0,3.0,1.0
3150.0,75.0,3.0,2.0
2900.0,95.0,3.0,2.0
1900.0,55.0,2.0,1.0
590.0,12.0,1.0,1.0
1900.0,55.0,2.0,1.0
1860.0,58.0,2.0,1.0
1352.0,31.0,2.0,1.0
2150.0,53.0,3.0,1.0
2990.0,80.0,4.0,2.0
12000.0,280.0,7.0,6.0
1100.0,20.0,1.0,1.0
1600.0,38.0,2.0,1.0
3980.0,107.0,5.0,3.0
1233.0,43.0,2.0,1.0
9000.0,305.0,6.0,3.0
2890.0,80.0,3.0,2.0
1550.0,40.0,1.0,1.0
1697.0,49.0,2.0,1.0
2250.0,68.0,3.0,2.0
1790.0,47.0,2.0,1.0
1100.0,25.0,1.0,1.0
790.0,16.0,1.0,1.0
1018.0,26.0,1.0,1.0
1150.0,28.0,2.0,1.0
1390.0,38.0,2.0,1.0
1580.0,52.0,2.0,1.0
3180.0,95.0,4.0,2.0
2750.0,85.0,4.0,2.0
3000.0,78.0,3.0,2.0
590.0,12.0,1.0,1.0
3000.0,78.0,3.0,2.0
960.0,26.0,1.0,1.0
750.0,18.0,1.0,1.0
930.0,29.0,1.0,1.0
3500.0,74.0,3.0,2.0
2300.0,69.0,3.0,2.0
1950.0,48.0,2.0,1.0
2100.0,49.0,2.0,1.0
890.0,21.0,1.0,1.0
855.0,17.0,1.0,1.0
1970.0,56.0,2.0,1.0
1250.0,27.0,1.0,1.0
2495.0,70.0,3.0,2.0
4655.0,130.0,5.0,3.0
4650.0,150.0,5.0,3.0
2110.0,73.0,3.0,2.0
590.0,12.0,1.0,1.0
960.0,25.0,1.0,1.0
800.0,17.0,1.0,1.0
3000.0,111.0,5.0,3.0
1600.0,32.0,2.0,1.0
1480.0,45.0,2.0,1.0
1900.0,46.0,2.0,1.0
1930.0,46.0,2.0,1.0
1550.0,46.0,2.0,1.0
2750.0,85.0,4.0,2.0
1900.0,40.0,2.0,1.0
1663.0,56.0,2.0,1.0
1170.0,49.0,2.0,1.0
1822.0,85.0,4.0,3.0
1850.0,43.0,2.0,1.0
329.0,45.0,2.0,1.0
1550.0,40.0,1.0,1.0
1850.0,34.0,1.0,1.0
2800.0,61.0,3.0,2.0
9950.0,300.0,8.0,5.0
1550.0,34.0,2.0,1.0
1100.0,25.0,1.0,1.0
3100.0,103.0,4.0,3.0
4250.0,145.0,5.0,3.0
2800.0,85.0,3.0,2.0
760.0,20.0,1.0,1.0
790.0,16.0,1.0,1.0
2400.0,87.0,3.0,2.0
2300.0,65.0,2.0,1.0
1650.0,43.0,3.0,1.0
1480.0,40.0,2.0,1.0
460.0,11.0,1.0,1.0
3089.0,83.0,3.0,1.0
870.0,20.0,1.0,1.0
1450.0,30.0,2.0,1.0
808.0,18.0,1.0,1.0
2100.0,45.0,2.0,1.0
1700.0,42.0,2.0,1.0
2800.0,60.0,3.0,2.0
1130.0,31.0,2.0,1.0
650.0,10.0,1.0,1.0
790.0,14.0,1.0,1.0
1800.0,41.0,3.0,2.0
2420.0,55.0,3.0,1.0
815.0,25.0,1.0,1.0
1057.0,29.0,1.0,1.0
1750.0,56.0,3.0,2.0
1100.0,31.0,2.0,1.0
9800.0,221.0,6.0,4.0
1650.0,54.0,2.0,1.0
11000.0,150.0,5.0,3.0
3650.0,80.0,3.0,1.0
5600.0,145.0,5.0,3.0
6500.0,232.0,7.0,4.0
5600.0,145.0,5.0,3.0
2450.0,62.0,2.0,1.0
1300.0,38.0,2.0,1.0
830.0,25.0,1.0,1.0
4500.0,108.0,4.0,3.0
690.0,17.0,1.0,1.0
590.0,12.0,1.0,1.0
990.0,20.0,1.0,1.0
1600.0,53.0,2.0,1.0
1850.0,53.0,2.0,1.0
4000.0,70.0,3.0,2.0
1185.0,22.0,1.0,1.0
1150.0,26.0,1.0,1.0
1650.0,28.0,2.0,1.0
2000.0,53.0,2.0,1.0
3990.0,90.0,3.0,2.0
1800.0,40.0,2.0,1.0
600.0,10.0,1.0,1.0
900.0,18.0,1.0,1.0
575.0,10.0,1.0,1.0
3500.0,65.0,3.0,2.0
3099.0,117.0,4.0,3.0
1040.0,24.0,1.0,1.0
595.0,12.0,1.0,1.0
830.0,16.0,1.0,1.0
5000.0,141.0,5.0,2.0
2050.0,50.0,2.0,1.0
2450.0,50.0,2.0,1.0
873.0,16.0,1.0,1.0
1375.0,46.0,2.0,1.0
3600.0,74.0,3.0,2.0
2100.0,70.0,3.0,2.0
1300.0,35.0,2.0,1.0
900.0,25.0,1.0,1.0
990.0,19.0,1.0,1.0
1270.0,40.0,2.0,1.0
800.0,13.0,1.0,1.0
995.0,28.0,1.0,1.0
1250.0,25.0,1.0,1.0
1197.0,29.0,2.0,1.0
1590.0,48.0,2.0,1.0
1930.0,52.0,3.0,2.0
590.0,12.0,1.0,1.0
1930.0,52.0,3.0,2.0
4500.0,110.0,4.0,2.0
1450.0,31.0,2.0,1.0
2575.0,66.0,3.0,2.0
1755.0,35.0,2.0,1.0
1900.0,35.0,2.0,1.0
1463.0,54.0,2.0,1.0
1030.0,20.0,1.0,1.0
923.0,14.0,1.0,1.0
800.0,20.0,1.0,1.0
878.0,15.0,1.0,1.0
2000.0,43.0,2.0,1.0
940.0,18.0,1.0,1.0
1300.0,25.0,1.0,1.0
2200.0,50.0,2.0,1.0
4200.0,80.0,4.0,3.0
990.0,18.0,1.0,1.0
850.0,17.0,1.0,1.0
950.0,20.0,1.0,1.0
1255.0,43.0,2.0,1.0
2550.0,75.0,3.0,2.0
1250.0,45.0,2.0,1.0
1950.0,57.0,2.0,1.0
1240.0,33.0,2.0,1.0
882.0,29.0,1.0,1.0
620.0,10.0,1.0,1.0
1100.0,25.0,1.0,1.0
1000.0,37.0,2.0,1.0
600.0,14.0,1.0,1.0
2000.0,50.0,2.0,1.0
11000.0,242.0,6.0,4.0
3800.0,101.0,4.0,2.0
1600.0,63.0,2.0,1.0
1406.0,28.0,1.0,1.0
7500.0,136.0,4.0,2.0
5900.0,151.0,5.0,3.0
4200.0,80.0,4.0,3.0
1895.0,76.0,3.0,2.0
590.0,12.0,1.0,1.0
750.0,13.0,1.0,1.0
590.0,12.0,1.0,1.0
820.0,16.0,1.0,1.0
850.0,24.0,1.0,1.0
1200.0,22.0,1.0,1.0
1195.0,35.0,2.0,1.0
1600.0,41.0,2.0,1.0
600.0,10.0,1.0,1.0
999.0,30.0,1.0,1.0
6890.0,238.0,7.0,5.0
897.0,20.0,1.0,1.0
1050.0,31.0,2.0,1.0
1700.0,49.0,2.0,1.0
11000.0,242.0,6.0,4.0
1050.0,37.0,2.0,1.0
1865.0,52.0,2.0,1.0
1175.0,27.0,1.0,1.0
3335.0,95.0,4.0,2.0
1550.0,31.0,2.0,1.0
1700.0,45.0,2.0,1.0
1200.0,31.0,2.0,1.0
1750.0,48.0,2.0,1.0
3500.0,120.0,5.0,3.0
4000.0,120.0,5.0,3.0
3500.0,77.0,3.0,1.0
9800.0,221.0,7.0,4.0
2500.0,74.0,3.0,1.0
2750.0,80.0,4.0,2.0
2550.0,78.0,4.0,2.0
1697.0,49.0,2.0,1.0
2250.0,68.0,3.0,2.0
590.0,12.0,1.0,1.0
2890.0,80.0,3.0,2.0
1790.0,47.0,2.0,1.0
1100.0,25.0,1.0,1.0
2000.0,48.0,2.0,1.0
1763.0,56.0,2.0,1.0
1663.0,50.0,2.0,1.0
2300.0,67.0,3.0,2.0
2800.0,55.0,3.0,2.0
1272.0,48.0,3.0,1.0
850.0,29.0,2.0,1.0
2590.0,79.0,3.0,1.0
1636.0,55.0,2.0,1.0
1285.0,25.0,1.0,1.0
6800.0,137.0,4.0,3.0
10000.0,137.0,4.0,1.0
1450.0,43.0,2.0,1.0
1900.0,46.0,2.0,1.0
1700.0,62.0,2.0,1.0
450.0,10.0,1.0,1.0
6500.0,151.0,3.0,2.0
1800.0,27.0,2.0,1.0
18000.0,281.0,7.0,3.0
590.0,12.0,1.0,1.0
1350.0,28.0,3.0,2.0
3100.0,53.0,2.0,1.0
1990.0,41.0,2.0,1.0
2235.0,82.0,4.0,2.0
20000.0,464.0,8.0,3.0
2600.0,50.0,2.0,1.0
2600.0,74.0,3.0,2.0
4000.0,134.0,5.0,3.0
1200.0,25.0,1.0,1.0
950.0,20.0,1.0,1.0
1100.0,20.0,1.0,1.0
1500.0,32.0,2.0,1.0
980.0,29.0,1.0,1.0
1150.0,28.0,1.0,1.0
2690.0,69.0,3.0,1.0
2600.0,70.0,3.0,2.0
3500.0,80.0,3.0,2.0
1300.0,38.0,2.0,1.0
3400.0,115.0,4.0,3.0
1700.0,43.0,2.0,1.0
3650.0,115.0,5.0,3.0
3250.0,126.0,5.0,3.0
2150.0,50.0,2.0,1.0
2600.0,55.0,3.0,2.0
4290.0,110.0,4.0,2.0
2550.0,68.0,3.0,2.0
2100.0,68.0,3.0,1.0
1355.0,37.0,2.0,1.0
4550.0,160.0,5.0,2.0
960.0,23.0,1.0,1.0
1100.0,30.0,1.0,1.0
950.0,25.0,1.0,1.0
3992.0,142.0,6.0,4.0
4850.0,153.0,5.0,2.0
706.0,21.0,1.0,1.0
1900.0,39.0,2.0,1.0
2200.0,67.0,3.0,1.0
890.0,17.0,1.0,1.0
900.0,12.0,1.0,1.0
1750.0,50.0,2.0,1.0
5000.0,158.0,5.0,3.0
790.0,20.0,1.0,1.0
750.0,14.0,1.0,1.0
850.0,23.0,1.0,1.0
1010.0,31.0,2.0,1.0
580.0,11.0,1.0,1.0
1200.0,29.0,1.0,1.0
3000.0,69.0,2.0,1.0
9550.0,250.0,5.0,3.0
580.0,11.0,1.0,1.0
5732.0,194.0,6.0,5.0
4500.0,120.0,5.0,3.0
4900.0,130.0,5.0,4.0
9500.0,200.0,6.0,4.0
1290.0,28.0,1.0,1.0
2700.0,49.0,2.0,1.0
3000.0,69.0,3.0,1.0
1010.0,31.0,2.0,1.0
3500.0,105.0,4.0,2.0
1380.0,33.0,2.0,1.0
2780.0,84.0,3.0,2.0
1800.0,51.0,3.0,2.0
3000.0,60.0,2.0,1.0
15000.0,300.0,6.0,4.0
1800.0,50.0,2.0,1.0
850.0,23.0,1.0,1.0
2250.0,60.0,2.0,1.0
12000.0,150.0,5.0,3.0
5240.0,210.0,8.0,5.0
1776.0,50.0,2.0,1.0
2600.0,80.0,4.0,2.0
2200.0,60.0,3.0,2.0
2600.0,40.0,2.0,1.0
5240.0,210.0,8.0,5.0
1090.0,18.0,1.0,1.0
900.0,23.0,1.0,1.0
1090.0,25.0,1.0,1.0
2090.0,47.0,2.0,1.0
1700.0,50.0,2.0,1.0
4883.0,158.0,6.0,3.0
4850.0,153.0,5.0,2.0
1270.0,33.0,2.0,1.0
1160.0,34.0,2.0,1.0
1712.0,58.0,3.0,2.0
95000.0,140.0,6.0,4.0
1150.0,34.0,2.0,1.0
1185.0,22.0,1.0,1.0
5220.0,153.0,6.0,4.0
11000.0,230.0,5.0,3.0
1250.0,25.0,1.0,1.0
1739.0,54.0,2.0,1.0
1800.0,48.0,2.0,1.0
162400.0,111.0,2.0,1.0
1270.0,29.0,2.0,1.0
2130.0,64.0,3.0,2.0
1055.0,28.0,1.0,1.0
590.0,12.0,1.0,1.0
810.0,27.0,1.0,1.0
3053.0,96.0,4.0,2.0
2350.0,62.0,3.0,2.0
2300.0,45.0,2.0,1.0
2855.0,90.0,4.0,3.0
2600.0,38.0,2.0,1.0
4595.0,149.0,4.0,3.0
7500.0,185.0,5.0,3.0
1650.0,36.0,2.0,1.0
990.0,23.0,1.0,1.0
690.0,15.0,1.0,1.0
590.0,12.0,1.0,1.0
1150.0,20.0,1.0,1.0
1300.0,32.0,2.0,1.0
1280.0,29.0,2.0,1.0
950.0,25.0,1.0,1.0
1900.0,57.0,2.0,1.0
2300.0,67.0,3.0,2.0
1182.0,44.0,2.0,1.0
690.0,9.0,1.0,1.0
1980.0,62.0,3.0,2.0
2130.0,64.0,3.0,2.0
1130.0,25.0,2.0,1.0
1650.0,54.0,2.0,1.0
1875.0,64.0,3.0,1.0
6700.0,124.0,6.0,4.0
765.0,18.0,1.0,1.0
2950.0,65.0,3.0,2.0
1280.0,54.0,2.0,1.0
590.0,12.0,1.0,1.0
1080.0,24.0,2.0,1.0
4900.0,155.0,5.0,4.0
730.0,16.0,1.0,1.0
1459.0,53.0,2.0,1.0
1491.0,65.0,2.0,1.0
6300.0,132.0,5.0,2.0
4500.0,87.0,5.0,2.0
1850.0,51.0,2.0,1.0
1900.0,58.0,2.0,1.0
3624.0,94.0,4.0,2.0
220.0,12.0,1.0,1.0
3050.0,74.0,3.0,2.0
5100.0,220.0,7.0,5.0
549.0,9.0,1.0,1.0
7800.0,178.0,7.0,4.0
1750.0,40.0,2.0,1.0
1800.0,50.0,2.0,1.0
1050.0,25.0,1.0,1.0
1500.0,37.0,2.0,1.0
900.0,22.0,1.0,1.0
2200.0,55.0,2.0,1.0
1490.0,40.0,2.0,1.0
4700.0,104.0,5.0,2.0
1150.0,21.0,1.0,1.0
7000.0,105.0,4.0,2.0
3700.0,157.0,5.0,3.0
3950.0,131.0,3.0,2.0
2000.0,53.0,2.0,1.0
3310.0,125.0,5.0,4.0
6000.0,200.0,7.0,4.0
6700.0,124.0,6.0,3.0
4200.0,128.0,4.0,3.0
4700.0,104.0,4.0,2.0
4130.0,121.0,3.0,2.0
3360.0,93.0,3.0,2.0
590.0,12.0,1.0,1.0
3260.0,90.0,3.0,2.0
2995.0,82.0,2.0,1.0
4910.0,153.0,5.0,2.0
1250.0,47.0,1.0,1.0
1150.0,33.0,2.0,1.0
2629.0,91.0,4.0,3.0
15300.0,332.0,7.0,5.0
4169.0,114.0,5.0,3.0
15000.0,245.0,7.0,4.0
4100.0,46.0,2.0,1.0
1800.0,52.0,2.0,1.0
6700.0,124.0,7.0,3.0
850.0,18.0,1.0,1.0
4900.0,61.0,3.0,2.0
4800.0,61.0,3.0,2.0
1170.0,30.0,2.0,1.0
3377.0,106.0,5.0,4.0
2640.0,100.0,4.0,3.0
160.0,4.0,1.0,1.0
850.0,19.0,1.0,1.0
900.0,20.0,2.0,1.0
2530.0,75.0,3.0,2.0
1300.0,40.0,2.0,1.0
590.0,12.0,1.0,1.0
4550.0,155.0,5.0,3.0
4650.0,144.0,5.0,3.0
4500.0,170.0,6.0,4.0
842.0,28.0,1.0,1.0
1490.0,40.0,2.0,1.0
5120.0,158.0,5.0,4.0
4635.0,155.0,5.0,3.0
2990.0,55.0,2.0,1.0
5750.0,165.0,5.0,4.0
590.0,12.0,1.0,1.0
3400.0,107.0,5.0,3.0
1350.0,29.0,1.0,1.0
1950.0,60.0,3.0,1.0
3377.0,106.0,5.0,4.0
1700.0,46.0,2.0,1.0
2400.0,75.0,3.0,2.0
2900.0,96.0,4.0,2.0
1030.0,22.0,2.0,1.0
590.0,12.0,1.0,1.0
1150.0,26.0,1.0,1.0
1800.0,47.0,2.0,1.0
2000.0,51.0,2.0,1.0
3400.0,43.0,2.0,1.0
2730.0,90.0,3.0,2.0
2980.0,93.0,3.0,2.0
4000.0,75.0,4.0,2.0
1590.0,30.0,2.0,1.0
21000.0,280.0,5.0,4.0
1651.0,40.0,2.0,1.0
1280.0,47.0,2.0,1.0
2655.0,82.0,2.0,1.0
4000.0,88.0,3.0,2.0
4200.0,80.0,3.0,2.0
3950.0,130.0,5.0,3.0
3699.0,130.0,6.0,3.0
1890.0,47.0,2.0,1.0
9750.0,250.0,5.0,3.0
6621.0,200.0,6.0,3.0
4792.0,208.0,7.0,4.0
4540.0,157.0,5.0,3.0
2300.0,83.0,3.0,1.0
4000.0,93.0,4.0,2.0
1600.0,40.0,2.0,1.0
590.0,12.0,1.0,1.0
14000.0,116.0,4.0,2.0
2100.0,40.0,2.0,1.0
2600.0,62.0,3.0,2.0
5100.0,205.0,6.0,4.0
2300.0,66.0,3.0,1.0
12000.0,154.0,5.0,3.0
3400.0,66.0,2.0,1.0
590.0,12.0,1.0,1.0
1300.0,37.0,2.0,1.0
6620.0,177.0,5.0,3.0
2320.0,62.0,3.0,2.0
5500.0,92.0,4.0,2.0
2340.0,49.0,2.0,1.0
3850.0,58.0,2.0,1.0
7000.0,105.0,4.0,2.0
9000.0,261.0,8.0,5.0
4200.0,97.0,5.0,3.0
5500.0,92.0,3.0,2.0
1970.0,41.0,2.0,1.0
18000.0,394.0,10.0,4.0
9950.0,300.0,8.0,5.0
3800.0,118.0,5.0,3.0
8500.0,218.0,6.0,4.0
14500.0,116.0,4.0,2.0
4656.0,151.0,5.0,2.0
4000.0,93.0,4.0,2.0
11000.0,150.0,4.0,2.0
5600.0,165.0,8.0,5.0
2800.0,50.0,2.0,1.0
2299.0,85.0,4.0,3.0
2147.0,73.0,3.0,2.0
4900.0,106.0,4.0,2.0
1525.0,27.0,1.0,1.0
2750.0,85.0,4.0,2.0
12000.0,291.0,7.0,5.0
2900.0,97.0,3.0,2.0
2700.0,66.0,2.0,1.0
3800.0,120.0,5.0,3.0
1500.0,27.0,1.0,1.0
2440.0,65.0,3.0,2.0
6300.0,200.0,5.0,3.0
8500.0,218.0,6.0,4.0
2500.0,83.0,3.0,1.0
5011.0,149.0,5.0,3.0
590.0,12.0,1.0,1.0
1750.0,55.0,2.0,1.0
1905.0,58.0,2.0,1.0
5015.0,169.0,5.0,3.0
1355.0,35.0,1.0,1.0
5015.0,169.0,5.0,3.0
2730.0,90.0,3.0,2.0
1745.0,58.0,2.0,1.0
8000.0,150.0,4.0,2.0
4000.0,107.0,4.0,3.0
5000.0,175.0,7.0,3.0
3882.0,128.0,5.0,4.0
2400.0,52.0,2.0,1.0
5500.0,95.0,3.0,1.0
1700.0,36.0,1.0,1.0
1550.0,24.0,1.0,1.0
1905.0,58.0,2.0,1.0
590.0,12.0,1.0,1.0
1980.0,32.0,1.0,1.0
5750.0,165.0,5.0,4.0
2900.0,55.0,2.0,1.0
7500.0,141.0,5.0,3.0
2600.0,40.0,3.0,1.0
1616.0,61.0,3.0,2.0
1450.0,24.0,1.0,1.0
1150.0,33.0,2.0,1.0
590.0,12.0,1.0,1.0
3100.0,109.0,3.0,2.0
3820.0,158.0,5.0,4.0
2300.0,50.0,2.0,1.0
590.0,12.0,1.0,1.0
2415.0,60.0,3.0,2.0
985.0,14.0,1.0,1.0
1600.0,40.0,2.0,1.0
4254.0,117.0,3.0,2.0
4554.0,125.0,4.0,3.0
5540.0,160.0,5.0,3.0
9800.0,220.0,6.0,4.0
1005.0,48.0,2.0,1.0
980.0,15.0,1.0,1.0
2500.0,32.0,2.0,1.0
4500.0,110.0,5.0,2.0
